break1_chromosome	break1_position_start	break1_position_end	break2_chromosome	break2_position_start	break2_position_end	break1_orientation	break2_orientation	event_type	annotation					
chr1	235287980	235287984	chr1	235295147	235295151	.	.	DEL	sample-1489|sv-1|DEL|hg38|gene-NA					
chr2	97096720	97096721	chr2	97098181	97098182	.	.	DEL	sample-1489|sv-2|DEL|hg38|gene-NA					
chr2	122936243	122936244	chr2	122936296	122936297	.	.	DEL	sample-1489|sv-3|DEL|hg38|gene-NA					
chr15	64141519	64141522	chr15	64141702	64141703	.	.	DEL	sample-1489|sv-4|DEL|hg38|gene-NA					
chr11	50736367	50736376	chr11	50742341	50742350	.	.	DEL	sample-1488|sv-1|DEL|hg38|gene-NA					
chr8	143086340	143086349	chr8	143086839	143086840	.	.	DEL	sample-1333|sv-1|DEL|hg38|gene-NA					
chr16	8915031	8915034	chr16	8918726	8918729	.	.	DUP	sample-674|sv-1|DUP|hg38|gene-NA					
chr2	187960451	187960453	chr2	188016363	188016365	.	.	DEL	sample-676|sv-1|DEL|hg38|gene-NA					
chr12	73021853	73021854	chr12	73022007	73022008	.	.	DEL	sample-557|sv-1|DEL|hg38|gene-NA					
chr10	78375917	78375921	chr10	78384166	78384170	.	.	DEL	sample-441|sv-1|DEL|hg38|gene-NA					
chr8	94364703	94364704	chr8	97836547	97836548	.	.	DEL	sample-442|sv-1|DEL|hg38|gene-NA					
chrX	21421858	21421860	chrX	21427124	21427126	.	.	DEL	sample-1619|sv-1|DEL|hg38|gene-CNKSR2					
chr13	71581892	71581894	chr13	71743503	71743505	.	.	DEL	sample-425|sv-1|DEL|hg38|gene-NA					
chr4	35757099	35757102	chr4	35760072	35760075	.	.	DEL	sample-1358|sv-1|DEL|hg38|gene-NA					
chr2	55109030	55109031	chr2	55111842	55111843	.	.	DEL	sample-405|sv-1|DEL|hg38|gene-NA					
chr10	35016710	35016721	chr10	35085526	35085537	.	.	DEL	sample-644|sv-1|DEL|hg38|gene-NA					
chr15	61486910	61486913	chr15	61782134	61782137	.	.	DUP	sample-766|sv-1|DUP|hg38|gene-NA					
chr11	28744298	28744299	chr11	28766711	28766712	.	.	DEL	sample-764|sv-1|DEL|hg38|gene-NA					
chr8	24978751	24978753	chr8	25115054	25115056	.	.	DEL	sample-992|sv-1|DEL|hg38|gene-NA					
chr2	82622415	82622423	chr2	82628974	82628982	.	.	DEL	sample-1242|sv-1|DEL|hg38|gene-NA					
chr1	189347052	189347055	chr2	235484697	235484698	.	.	BND	sample-1481|sv-1|BND|hg38|gene-NA					
chr3	164187078	164187079	chr3	164244373	164244374	.	.	DEL	sample-782|sv-1|DEL|hg38|gene-NA					
chr3	164254995	164254999	chr3	164271575	164271579	.	.	DEL	sample-782|sv-2|DEL|hg38|gene-NA					
chr7	41946383	41946387	chr7	41959760	41959764	.	.	DEL	sample-118|sv-1|DEL|hg38|gene-NA					
chr1	67049087	67049096	chr1	67943698	67943707	.	.	DUP	sample-227|sv-1|DUP|hg38|gene-NA					
chr4	129564878	129564881	chr4	129571549	129571552	.	.	DEL	sample-225|sv-1|DEL|hg38|gene-NA					
chr6	70567768	70567770	chr6	70568401	70568402	.	.	DEL	sample-1180|sv-1|DEL|hg38|gene-NA					
chr1	104402936	104402940	chr1	104409273	104409277	.	.	DEL	sample-1416|sv-1|DEL|hg38|gene-NA					
chr7	119468743	119468745	chr7	119469734	119469735	.	.	DEL	sample-1415|sv-1|DEL|hg38|gene-NA					
chr9	19375483	19375484	chr9	19375542	19375543	.	.	DEL	sample-1292|sv-1|DEL|hg38|gene-NA					
chr12	129426347	129426352	chr12	129427861	129427866	.	.	DEL	sample-941|sv-1|DEL|hg38|gene-NA					
chr4	25563241	25563242	chr20	7264004	7264005	.	.	BND	sample-193|sv-1|BND|hg38|gene-NA					
chr7	70098140	70098143	chr7	70629181	70629184	.	.	INV	sample-80|sv-1|INV|hg38|gene-AUTS2					
chr1	1679492	1679494	chr1	1679999	1680000	.	.	DEL	sample-1312|sv-1|DEL|hg38|gene-NA					
chr12	49651527	49651532	chr12	49662012	49662017	.	.	DEL	sample-1070|sv-1|DEL|hg38|gene-NA					
chr3	177053441	177053444	chr3	177058543	177058546	.	.	DEL	sample-1072|sv-1|DEL|hg38|gene-TBL1XR1					
chr2	255439	255442	chr2	260198	260201	.	.	DEL	sample-1192|sv-1|DEL|hg38|gene-NA					
chr11	55728973	55728977	chr11	55729579	55729580	.	.	DEL	sample-1660|sv-1|DEL|hg38|gene-NA					
chr1	197325922	197325925	chr1	197329223	197329226	.	.	DUP	sample-717|sv-1|DUP|hg38|gene-NA					
chr1	197326339	197326342	chr1	197329242	197329245	.	.	DEL	sample-717|sv-1|DEL|hg38|gene-NA					
chr6	105056991	105056992	chr6	105972798	105972799	.	.	DEL	sample-719|sv-1|DEL|hg38|gene-NA					
chr7	111285940	111285944	chr7	111393662	111393666	.	.	DEL	sample-714|sv-1|DEL|hg38|gene-NA					
chr7	116849564	116849566	chr7	116849785	116849786	.	.	DEL	sample-576|sv-1|DEL|hg38|gene-NA					
chr18	37788322	37788323	chr18	37789565	37789566	.	.	DEL	sample-463|sv-1|DEL|hg38|gene-NA					
chr12	161615	161617	chr12	254250	254252	.	.	DUP	sample-1069|sv-1|DUP|hg38|gene-NA					
chr19	3165331	3165364	chr19	3167341	3167374	.	.	DEL	sample-1321|sv-1|DEL|hg38|gene-NA					
chr1	197325922	197325925	chr1	197329223	197329226	.	.	DUP	sample-947|sv-1|DUP|hg38|gene-NA					
chr1	197326339	197326342	chr1	197329242	197329245	.	.	DEL	sample-947|sv-1|DEL|hg38|gene-NA					
chr1	162898389	162898393	chr1	162901210	162901214	.	.	DEL	sample-1598|sv-1|DEL|hg38|gene-NA					
chr14	29636668	29636670	chr14	29644017	29644019	.	.	DEL	sample-1565|sv-1|DEL|hg38|gene-PRKD1					
chr14	92985685	92985719	chr14	92986927	92986961	.	.	DEL	sample-342|sv-1|DEL|hg38|gene-NA					
chr2	197686596	197686597	chr2	224616435	224616436	.	.	DUP	sample-79|sv-1|DUP|hg38|gene-NA					
chr7	152033921	152033926	chr7	152634073	152634078	.	.	DUP	sample-1531|sv-1|DUP|hg38|gene-NA					
chr7	152034454	152034457	chr7	152625678	152625681	.	.	DUP	sample-1531|sv-1|DUP|hg38|gene-NA					
chr7	152047369	152047370	chr7	152050015	152050016	.	.	DEL	sample-1531|sv-1|DEL|hg38|gene-NA					
chr19	27322466	27322476	chr19	27322802	27322803	.	.	DEL	sample-1300|sv-1|DEL|hg38|gene-NA					
chrX	45194897	45194898	chrX	45195093	45195094	.	.	DEL	sample-1423|sv-1|DEL|hg38|gene-NA					
chr11	99306325	99306328	chr11	99312044	99312047	.	.	DEL	sample-999|sv-1|DEL|hg38|gene-NA					
chr8	125224272	125224275	chr8	125224462	125224463	.	.	DEL	sample-840|sv-1|DEL|hg38|gene-NA					
chr8	18510208	18510210	chr8	18901975	18901977	.	.	DUP	sample-1320|sv-1|DUP|hg38|gene-NA					
chr16	87757317	87757319	chr16	88592691	88592693	.	.	DUP	sample-1548|sv-1|DUP|hg38|gene-NA					
chr12	98865684	98865687	chr12	98869691	98869694	.	.	DEL	sample-964|sv-1|DEL|hg38|gene-NA					
chr12	98870291	98870292	chr12	98874039	98874040	.	.	DEL	sample-964|sv-1|DEL|hg38|gene-NA					
chr3	55292608	55292612	chr3	55297370	55297374	.	.	DEL	sample-1203|sv-1|DEL|hg38|gene-NA					
chr7	2706647	2706650	chr7	2709903	2709906	.	.	DEL	sample-1325|sv-1|DEL|hg38|gene-NA					
chr7	2710364	2710368	chr7	2718332	2718336	.	.	DEL	sample-1325|sv-1|DEL|hg38|gene-NA					
chr12	7628255	7628292	chr12	7631092	7631129	.	.	DEL	sample-1325|sv-2|DEL|hg38|gene-NA					
chr8	8741427	8741428	chr8	8789751	8789752	.	.	DUP	sample-1462|sv-1|DUP|hg38|gene-NA					
chrX	153669515	153669520	chrX	153694577	153694582	.	.	DEL	sample-1681|sv-1|DEL|hg38|gene-SLC6A8					
chr7	57966697	57966710	chr7	57987079	57987092	.	.	DEL	sample-612|sv-1|DEL|hg38|gene-NA					
chr14	53856254	53856255	chr14	53856584	53856585	.	.	DEL	sample-505|sv-1|DEL|hg38|gene-NA					
chr2	136708808	136708813	chr2	137080128	137080133	.	.	DEL	sample-618|sv-1|DEL|hg38|gene-NA					
chr14	36995481	36995484	chr14	36998750	36998753	.	.	DEL	sample-618|sv-2|DEL|hg38|gene-NA					
chr16	6753267	6753268	chr16	6865443	6865444	.	.	DEL	sample-616|sv-1|DEL|hg38|gene-NA					
chr1	224200255	224200297	chr1	224392088	224392130	.	.	DEL	sample-1075|sv-1|DEL|hg38|gene-WDR26					
chr2	175562218	175562224	chr2	176115937	176115943	.	.	DEL	sample-115|sv-1|DEL|hg38|gene-HOXD13					
chr5	102054787	102054788	chr5	102386974	102386975	.	.	DEL	sample-1572|sv-1|DEL|hg38|gene-NA					
chr17	36680907	36680911	chr17	36793655	36793659	.	.	DUP	sample-972|sv-1|DUP|hg38|gene-NA					
chr7	15612013	15612023	chr7	15612170	15612171	.	.	DEL	sample-355|sv-1|DEL|hg38|gene-NA					
chr14	77924989	77924995	chr14	77931044	77931050	.	.	DEL	sample-236|sv-1|DEL|hg38|gene-NA					
chr18	77769151	77769159	chr18	77769697	77769698	.	.	DEL	sample-1550|sv-1|DEL|hg38|gene-NA					
chr10	21679184	21679187	chr10	21786145	21786148	.	.	DEL	sample-1436|sv-1|DEL|hg38|gene-NA					
chr16	87718650	87718668	chr16	87718726	87718727	.	.	DEL	sample-1436|sv-2|DEL|hg38|gene-NA					
chr22	50702611	50702614	chr22	50721534	50721537	.	.	DEL	sample-604|sv-1|DEL|hg38|gene-SHANK3					
chr22	50718547	50718550	chr22	50721543	50721546	.	.	DEL	sample-604|sv-1|DEL|hg38|gene-SHANK3					
chr9	116341554	116341557	chr9	116429953	116429956	.	.	DEL	sample-747|sv-1|DEL|hg38|gene-NA					
chr15	38360889	38360912	chr15	38362897	38362920	.	.	DEL	sample-748|sv-1|DEL|hg38|gene-NA					
chr16	13523942	13523943	chr16	13529434	13529435	.	.	DEL	sample-748|sv-2|DEL|hg38|gene-NA					
chr12	6659888	6659910	chr12	6876999	6877021	.	.	DEL	sample-232|sv-1|DEL|hg38|gene-NA					
chr2	1900342	1900368	chr2	1904411	1904437	.	.	DEL	sample-243|sv-1|DEL|hg38|gene-MYT1L					
chr5	134559655	134559659	chr5	134590907	134590911	.	.	DUP	sample-105|sv-1|DUP|hg38|gene-NA					
chr3	104922760	104922762	chr3	104928944	104928946	.	.	DEL	sample-1198|sv-1|DEL|hg38|gene-NA					
chr8	139956744	139956745	chr8	140040473	140040474	.	.	DEL	sample-877|sv-1|DEL|hg38|gene-NA					
chr21	33570286	33570287	chr21	33590961	33590962	.	.	DUP	sample-877|sv-2|DUP|hg38|gene-NA					
chr7	5770353	5770374	chr7	6686220	6686241	.	.	INV	sample-266|sv-1|INV|hg38|gene-NA					
chr7	6925034	6925035	chrX	1550239	1550240	.	.	BND	sample-266|sv-1|BND|hg38|gene-NA					
chrX	1550239	1550240	chr7	6925034	6925035	.	.	BND	sample-266|sv-1|BND|hg38|gene-NA					
chr16	28520094	28520134	chr16	28840842	28840882	.	.	INV	sample-856|sv-1|INV|hg38|gene-NA					
chr16	28811303	28811303	chr16	28844308	28844308	.	.	DUP	sample-856|sv-1|DUP|hg38|gene-NA					
chr16	28472440	28472440	chr16	28518763	28518763	.	.	DUP	sample-856|sv-1|DUP|hg38|gene-NA					
chr3	194454594	194454597	chr3	194455429	194455430	.	.	DEL	sample-860|sv-1|DEL|hg38|gene-NA					
chr3	5043131	5043132	chr3	5227074	5227075	.	.	DUP	sample-858|sv-1|DUP|hg38|gene-NA					
chr4	150678860	150678861	chr4	150819204	150819205	.	.	DUP	sample-1091|sv-1|DUP|hg38|gene-NA					
chr22	48286663	48286665	chr22	48289205	48289207	.	.	DEL	sample-1560|sv-1|DEL|hg38|gene-NA					
chr2	54776490	54776495	chr2	54776757	54776758	.	.	DEL	sample-1560|sv-2|DEL|hg38|gene-NA					
chr6	25944336	25944337	chr6	26096773	26096774	.	.	DUP	sample-1440|sv-1|DUP|hg38|gene-NA					
chr3	100472286	100472290	chr3	100472374	100472375	.	.	DEL	sample-385|sv-1|DEL|hg38|gene-NA					
chr8	86872511	86872518	chr8	86872566	86872567	.	.	DEL	sample-630|sv-1|DEL|hg38|gene-NA					
chr20	42522739	42522751	chr20	42741624	42741636	.	.	DEL	sample-874|sv-1|DEL|hg38|gene-NA					
chr11	47800580	47800598	chr11	47806002	47806020	.	.	DEL	sample-957|sv-1|DEL|hg38|gene-NA					
chr13	21926051	21926061	chr13	21926167	21926168	.	.	DEL	sample-1449|sv-1|DEL|hg38|gene-NA					
chr13	71031031	71031032	chr13	71034451	71034452	.	.	DEL	sample-354|sv-1|DEL|hg38|gene-NA					
chr19	930171	930172	chr19	1112795	1112796	.	.	DEL	sample-5|sv-1|DEL|hg38|gene-NA					
chr10	109364130	109364131	chr10	128946950	128946951	.	.	INV	sample-861|sv-1|INV|hg38|gene-NA					
chr16	26620760	26620761	chr16	26620858	26620859	.	.	DEL	sample-739|sv-1|DEL|hg38|gene-NA					
chr11	45962846	45962870	chr11	45967321	45967345	.	.	DUP	sample-740|sv-1|DUP|hg38|gene-NA					
chrX	83592193	83592194	chrX	83592981	83592982	.	.	DEL	sample-1561|sv-1|DEL|hg38|gene-NA					
chr5	69482563	69482597	chr5	69496353	69496387	.	.	DEL	sample-1442|sv-1|DEL|hg38|gene-NA					
chr19	3806301	3806322	chr19	3811799	3811820	.	.	DEL	sample-20|sv-1|DEL|hg38|gene-NA					
chr8	28835735	28835737	chr8	28971942	28971944	.	.	DEL	sample-1576|sv-1|DEL|hg38|gene-NA					
chr3	87717179	87717185	chr3	87728029	87728035	.	.	DEL	sample-1577|sv-1|DEL|hg38|gene-NA					
chr3	131535697	131535699	chr3	131551743	131551745	.	.	DEL	sample-267|sv-1|DEL|hg38|gene-NA					
chr2	146378323	146378324	chr2	146412503	146412504	.	.	DEL	sample-116|sv-1|DEL|hg38|gene-NA					
chrX	147970440	147970441	chrX	148044891	148044892	.	.	DEL	sample-116|sv-2|DEL|hg38|gene-NA					
chr3	63915060	63915072	chr3	63917044	63917056	.	.	DEL	sample-124|sv-1|DEL|hg38|gene-NA					
chr13	19036411	19036423	chr13	19127307	19127319	.	.	DEL	sample-499|sv-1|DEL|hg38|gene-NA					
chr10	41810502	41810530	chr10	41811175	41811176	.	.	DEL	sample-742|sv-1|DEL|hg38|gene-NA					
chr4	97591565	97591571	chr4	97597529	97597535	.	.	DEL	sample-1579|sv-1|DEL|hg38|gene-NA					
chr4	696313	696316	chr4	755025	755028	.	.	DUP	sample-279|sv-1|DUP|hg38|gene-NA					
chr15	34781406	34781409	chr15	34958381	34958384	.	.	DUP	sample-1340|sv-1|DUP|hg38|gene-NA					
chr2	54647719	54647721	chr2	54662835	54662837	.	.	DUP	sample-1342|sv-1|DUP|hg38|gene-NA					
chr18	53986787	53986790	chr18	53987934	53987937	.	.	INV	sample-1343|sv-1|INV|hg38|gene-NA					
chr16	63488772	63488777	chr16	63495781	63495786	.	.	DEL	sample-369|sv-1|DEL|hg38|gene-NA					
chr22	41135103	41135116	chr22	41136227	41136240	.	.	DEL	sample-369|sv-2|DEL|hg38|gene-EP300					
chr8	52343399	52343400	chr8	52356233	52356234	.	.	DEL	sample-369|sv-3|DEL|hg38|gene-NA					
chr17	80745962	80745963	chr17	80814996	80814997	.	.	DEL	sample-613|sv-1|DEL|hg38|gene-NA					
chr17	18120055	18120058	chr17	18173860	18173863	.	.	DUP	sample-1351|sv-1|DUP|hg38|gene-NA					
chr8	19454425	19454440	chr8	19662172	19662187	.	.	DEL	sample-1616|sv-1|DEL|hg38|gene-NA					
chr19	44421055	44421058	chr19	44423006	44423009	.	.	DEL	sample-1156|sv-1|DEL|hg38|gene-NA					
chr9	3832737	3832738	chr9	8519508	8519509	.	.	DUP	sample-816|sv-1|DUP|hg38|gene-NA					
chr3	48192989	48193001	chr3	48195065	48195077	.	.	DEL	sample-575|sv-1|DEL|hg38|gene-NA					
chr19	40639132	40639140	chr19	40639478	40639479	.	.	DEL	sample-1666|sv-1|DEL|hg38|gene-NA					
chr11	126685350	126685354	chr11	126685404	126685405	.	.	DEL	sample-88|sv-1|DEL|hg38|gene-NA					
chr5	134573845	134573850	chr5	145341893	145341898	.	.	INV	sample-244|sv-1|INV|hg38|gene-NA					
chr9	116863396	116863397	chr9	116864276	116864277	.	.	DEL	sample-650|sv-1|DEL|hg38|gene-NA					
chr3	85774125	85774130	chr3	85893867	85893872	.	.	DUP	sample-1454|sv-1|DUP|hg38|gene-NA					
chr3	163499324	163499328	chr3	163560651	163560655	.	.	DUP	sample-1542|sv-1|DUP|hg38|gene-NA					
chr7	5368361	5368363	chr7	5389667	5389669	.	.	DEL	sample-755|sv-1|DEL|hg38|gene-NA					
chr5	95146566	95146567	chr5	95156986	95156987	.	.	INV	sample-1137|sv-1|INV|hg38|gene-NA					
chr5	95147132	95147136	chr5	95151629	95151633	.	.	INV	sample-1137|sv-1|INV|hg38|gene-NA					
chr2	139787599	139787605	chr2	139791756	139791762	.	.	DUP	sample-144|sv-1|DUP|hg38|gene-NA					
chrX	40439449	40439451	chrX	40465339	40465341	.	.	DUP	sample-1001|sv-1|DUP|hg38|gene-NA					
chr20	42576305	42576308	chr20	42605789	42605792	.	.	DEL	sample-1114|sv-1|DEL|hg38|gene-NA					
chr1	4145375	4145379	chr15	72707072	72707073	.	.	BND	sample-406|sv-1|BND|hg38|gene-NA					
chr12	121177804	121177805	chr12	122146029	122146030	.	.	DUP	sample-261|sv-1|DUP|hg38|gene-NA					
chr11	94416657	94416658	chr11	94418786	94418787	.	.	DEL	sample-32|sv-1|DEL|hg38|gene-NA					
chr9	32233999	32234004	chr9	32240930	32240935	.	.	DEL	sample-22|sv-1|DEL|hg38|gene-NA					
chr9	32236957	32236961	chr9	32237495	32237496	.	.	DEL	sample-22|sv-1|DEL|hg38|gene-NA					
chr8	99258481	99258483	chr8	99278624	99278626	.	.	DUP	sample-367|sv-1|DUP|hg38|gene-NA					
chrX	31847971	31847974	chrX	31864319	31864322	.	.	DEL	sample-1653|sv-1|DEL|hg38|gene-NA					
chr16	4152990	4152995	chr16	4153713	4153714	.	.	DEL	sample-1357|sv-1|DEL|hg38|gene-NA					
chrX	58121933	58121952	chrX	58122458	58122459	.	.	DEL	sample-745|sv-1|DEL|hg38|gene-NA					
chr10	347648	347649	chr10	390487	390488	.	.	DUP	sample-1|sv-1|DUP|hg38|gene-NA					
chr11	102858418	102858419	chr11	102858484	102858485	.	.	DEL	sample-1574|sv-1|DEL|hg38|gene-NA					
chr7	130880824	130880826	chr7	130880881	130880882	.	.	DEL	sample-842|sv-1|DEL|hg38|gene-NA					
chr7	70252671	70252673	chr22	43559860	43559861	.	.	BND	sample-1643|sv-1|BND|hg38|gene-AUTS2					
chr3	39553275	39553285	chr3	40159072	40159082	.	.	INV	sample-1540|sv-1|INV|hg38|gene-NA					
chr17	21869387	21870274	chr17	21881782	21882648	.	.	DUP	sample-1256|sv-1|DUP|hg38|gene-NA					
chr16	24843045	24843063	chr16	24843643	24843644	.	.	DEL	sample-1257|sv-1|DEL|hg38|gene-NA					
chr2	232447499	232447502	chr2	232447724	232447725	.	.	DEL	sample-1617|sv-1|DEL|hg38|gene-NA					
chr3	66038067	66038069	chr3	66042397	66042399	.	.	DEL	sample-76|sv-1|DEL|hg38|gene-NA					
chr16	1739208	1739211	chr16	1758993	1758996	.	.	INV	sample-277|sv-1|INV|hg38|gene-NA					
chr1	93046238	93046243	chr1	93267785	93267790	.	.	DEL	sample-1273|sv-1|DEL|hg38|gene-NA					
chrX	17607784	17607787	chrX	81211386	81211389	.	.	DUP	sample-811|sv-1|DUP|hg38|gene-NA					
chrX	17869470	17869473	chrX	17869540	17869541	.	.	DEL	sample-811|sv-2|DEL|hg38|gene-NA					
chr8	48356759	48356762	chr8	48359646	48359649	.	.	DEL	sample-898|sv-1|DEL|hg38|gene-NA					
chrX	41728525	41728541	chrX	41758216	41758232	.	.	DEL	sample-1130|sv-1|DEL|hg38|gene-CASK					
chr17	817415	817435	chr17	822845	822865	.	.	DEL	sample-1241|sv-1|DEL|hg38|gene-NA					
chr1	54419050	54419067	chr1	54420282	54420299	.	.	DEL	sample-657|sv-1|DEL|hg38|gene-NA					
chr20	42531959	42531962	chr20	42570879	42570882	.	.	DEL	sample-772|sv-1|DEL|hg38|gene-NA					
chr20	56977867	56977868	chr20	56978404	56978405	.	.	DEL	sample-262|sv-1|DEL|hg38|gene-NA					
chr5	31211769	31211770	chr5	31213523	31213524	.	.	DEL	sample-262|sv-2|DEL|hg38|gene-NA					
chr5	177411544	177411548	chr5	177414059	177414063	.	.	DEL	sample-358|sv-1|DEL|hg38|gene-NA					
chr2	113749222	113749225	chr2	113751567	113751570	.	.	DEL	sample-1639|sv-1|DEL|hg38|gene-NA					
chr4	143690016	143690026	chr4	143691418	143691428	.	.	DEL	sample-724|sv-1|DEL|hg38|gene-NA					
chr16	27987127	27987131	chr16	27996684	27996688	.	.	DEL	sample-1446|sv-1|DEL|hg38|gene-NA					
chr5	36629099	36629100	chr5	37217366	37217367	.	.	DUP	sample-495|sv-1|DUP|hg38|gene-NA					
chr6	93934664	93934669	chr6	93937189	93937194	.	.	DEL	sample-495|sv-2|DEL|hg38|gene-NA					
chr17	82319068	82319075	chr17	82319901	82319902	.	.	DEL	sample-1688|sv-1|DEL|hg38|gene-NA					
chr1	246761043	246761073	chr1	246761132	246761133	.	.	DEL	sample-265|sv-1|DEL|hg38|gene-NA					
chrX	123986648	123986649	chrX	124266222	124266223	.	.	DEL	sample-753|sv-1|DEL|hg38|gene-STAG2					
chr20	53427123	53427126	chr20	53428147	53428150	.	.	DEL	sample-1587|sv-1|DEL|hg38|gene-NA					
chr17	31197438	31197443	chr17	31200533	31200538	.	.	DEL	sample-1141|sv-1|DEL|hg38|gene-NF1					
chrX	114848485	114848490	chrX	114848710	114848711	.	.	DEL	sample-1396|sv-1|DEL|hg38|gene-NA					
chr10	114933539	114933540	chr10	114933958	114933959	.	.	DEL	sample-1504|sv-1|DEL|hg38|gene-NA					
chr10	38236235	38236237	chr10	38247333	38247335	.	.	DEL	sample-1165|sv-1|DEL|hg38|gene-NA					
chr12	27734557	27734562	chr12	27738614	27738619	.	.	DEL	sample-1304|sv-1|DEL|hg38|gene-NA					
chr14	101086304	101086306	chr14	101090118	101090120	.	.	DEL	sample-85|sv-1|DEL|hg38|gene-NA					
chr4	169706786	169706790	chr4	169706838	169706839	.	.	DEL	sample-84|sv-1|DEL|hg38|gene-NA					
chr22	39489817	39489823	chr22	39494402	39494408	.	.	DEL	sample-1663|sv-2|DEL|hg38|gene-NA					
chr7	37128231	37128234	chr7	37136579	37136582	.	.	DEL	sample-1308|sv-1|DEL|hg38|gene-NA					
chr8	62771250	62771253	chr8	62774326	62774329	.	.	DEL	sample-1309|sv-1|DEL|hg38|gene-NA					
chr1	120705649	120705654	chr1	120947400	120947405	.	.	DUP	sample-1641|sv-1|DUP|hg38|gene-NA					
chr10	39256689	39257582	chr10	39267581	39268392	.	.	DEL	sample-1641|sv-10|DEL|hg38|gene-NA					
chr6	68531577	68531580	chr6	68533148	68533151	.	.	DEL	sample-1641|sv-2|DEL|hg38|gene-NA					
chr6	75410626	75410650	chr6	75432905	75432929	.	.	DUP	sample-1641|sv-3|DUP|hg38|gene-NA					
chr9	87022397	87022402	chr9	87027841	87027846	.	.	DEL	sample-1641|sv-4|DEL|hg38|gene-NA					
chr12	113832285	113832295	chr12	113833839	113833849	.	.	DEL	sample-1641|sv-5|DEL|hg38|gene-NA					
chr16	79803574	79803578	chr16	79804952	79804956	.	.	DEL	sample-1641|sv-7|DEL|hg38|gene-NA					
chrX	44718884	44718885	chrX	44719305	44719306	.	.	DEL	sample-1641|sv-8|DEL|hg38|gene-NA					
chr3	75374117	75374956	chr3	75592684	75593452	.	.	DEL	sample-1641|sv-9|DEL|hg38|gene-NA					
chr2	50889342	50889344	chr2	51177030	51177032	.	.	DEL	sample-942|sv-1|DEL|hg38|gene-NA					
chr10	1803519	1803525	chr10	1872088	1872094	.	.	DEL	sample-665|sv-1|DEL|hg38|gene-NA					
chr13	36568021	36568023	chr13	36568158	36568159	.	.	DEL	sample-792|sv-1|DEL|hg38|gene-NA					
chr14	63989210	63989214	chr14	64019157	64019161	.	.	DEL	sample-1517|sv-1|DEL|hg38|gene-NA					
chr21	22552774	22552776	chr21	22586470	22586472	.	.	INV	sample-1277|sv-1|INV|hg38|gene-NA					
chr21	22579426	22579430	chr21	22586794	22586798	.	.	INV	sample-1277|sv-1|INV|hg38|gene-NA					
chr16	87907086	87907131	chr16	87907794	87907795	.	.	DEL	sample-915|sv-1|DEL|hg38|gene-NA					
chr3	64276558	64276575	chr3	64277060	64277061	.	.	DEL	sample-287|sv-1|DEL|hg38|gene-NA					
chr12	7824633	7824656	chr12	7828265	7828288	.	.	DEL	sample-169|sv-1|DEL|hg38|gene-NA					
chr5	96076434	96076439	chr5	96076511	96076512	.	.	DEL	sample-1173|sv-1|DEL|hg38|gene-NA					
chr2	47821879	47821902	chr2	47864375	47864398	.	.	DEL	sample-1284|sv-1|DEL|hg38|gene-FBXO11					
chr17	81514019	81514023	chr17	81514121	81514122	.	.	DEL	sample-1284|sv-2|DEL|hg38|gene-NA					
chr17	81419253	81419257	chr17	81419813	81419814	.	.	DEL	sample-696|sv-1|DEL|hg38|gene-NA					
chr1	1352348	1352349	chr8	307369	307370	.	.	BND	sample-461|sv-1|BND|hg38|gene-NA					
chr8	307369	307370	chr1	1352348	1352349	.	.	BND	sample-461|sv-1|BND|hg38|gene-NA					
chr8	78999904	78999905	chr8	89099623	89099624	.	.	INV	sample-1473|sv-1|INV|hg38|gene-NA					
chr5	97374194	97374195	chr5	97440662	97440663	.	.	DUP	sample-1472|sv-1|DUP|hg38|gene-NA					
chr1	5883299	5883344	chr1	5883354	5883355	.	.	DEL	sample-1015|sv-1|DEL|hg38|gene-NA					
chr5	150375342	150375356	chr5	150375393	150375394	.	.	DEL	sample-27|sv-1|DEL|hg38|gene-NA					
chr1	15975306	15975311	chr1	16065445	16065450	.	.	DEL	sample-1345|sv-1|DEL|hg38|gene-NA					
chr16	2435212	2435215	chr16	2736930	2736933	.	.	DEL	sample-1582|sv-1|DEL|hg38|gene-ATP6V0C					
chr1	12215043	12215050	chr1	12219629	12219636	.	.	DEL	sample-123|sv-1|DEL|hg38|gene-NA					
chr17	16085174	16085176	chr17	16093556	16093558	.	.	DEL	sample-746|sv-1|DEL|hg38|gene-NA					
chr11	121397840	121397841	chr11	121415733	121415734	.	.	DEL	sample-493|sv-1|DEL|hg38|gene-NA					
chr2	31809306	31809309	chr2	31811524	31811527	.	.	DEL	sample-524|sv-1|DEL|hg38|gene-NA					
chr17	19719988	19719992	chr17	19738079	19738083	.	.	DEL	sample-58|sv-1|DEL|hg38|gene-NA					
chr1	12818798	12818801	chr1	12848699	12848702	.	.	INV	sample-172|sv-1|INV|hg38|gene-NA					
chr1	12818874	12818875	chr1	12849322	12849323	.	.	INV	sample-172|sv-1|INV|hg38|gene-NA					
chr2	43766249	43766252	chr2	44063103	44063106	.	.	DUP	sample-615|sv-1|DUP|hg38|gene-NA					
chr7	5825399	5825403	chr7	6919796	6919800	.	.	INV	sample-895|sv-1|INV|hg38|gene-NA					
chr7	5897500	5897500	chr7	6827500	6827500	.	.	INV	sample-895|sv-1|INV|hg38|gene-NA					
chr2	60503167	60503170	chr2	60590418	60590421	.	.	DEL	sample-795|sv-1|DEL|hg38|gene-BCL11A					
chr19	7307692	7307707	chr19	7308759	7308774	.	.	DEL	sample-186|sv-1|DEL|hg38|gene-NA					
chr19	15526848	15526869	chr19	15533704	15533725	.	.	DUP	sample-168|sv-1|DUP|hg38|gene-NA					
chr2	202979633	202979634	chr2	202980041	202980042	.	.	INV	sample-281|sv-1|INV|hg38|gene-NA					
chr20	14714579	14714581	chr20	14810197	14810199	.	.	DEL	sample-281|sv-2|DEL|hg38|gene-NA					
chr4	150772574	150772577	chr4	150774651	150774654	.	.	DUP	sample-284|sv-1|DUP|hg38|gene-NA					
chr1	111927310	111927311	chr1	111928624	111928625	.	.	DEL	sample-901|sv-1|DEL|hg38|gene-NA					
chr14	106514881	106514882	chr20	18445876	18445877	.	.	BND	sample-901|sv-2|BND|hg38|gene-NA					
chr20	18445876	18445877	chr14	106514881	106514882	.	.	BND	sample-901|sv-2|BND|hg38|gene-NA					
chr18	28131738	28131741	chr18	28133146	28133149	.	.	DUP	sample-1152|sv-1|DUP|hg38|gene-NA					
chr18	28131911	28131916	chr18	28133163	28133168	.	.	DEL	sample-1152|sv-1|DEL|hg38|gene-NA					
chr14	45609789	45609795	chr14	45615817	45615823	.	.	DEL	sample-444|sv-1|DEL|hg38|gene-NA					
chr17	3924522	3924526	chr17	4694862	4694866	.	.	DUP	sample-1509|sv-1|DUP|hg38|gene-NA					
chr2	61058186	61058204	chr2	61719832	61719850	.	.	DEL	sample-1394|sv-1|DEL|hg38|gene-NA					
chr1	18800065	18800066	chr1	73334034	73334035	.	.	DEL	sample-1016|sv-1|DEL|hg38|gene-NA					
chr1	18844689	18844691	chr1	73324182	73324184	.	.	DUP	sample-1016|sv-1|DUP|hg38|gene-NA					
chr1	18848545	18848547	chr7	2590805	2590806	.	.	BND	sample-1016|sv-1|BND|hg38|gene-NA					
chr1	18852501	18852504	chr7	3710340	3710341	.	.	BND	sample-1016|sv-1|BND|hg38|gene-NA					
chr1	72986716	72986720	chr7	13652300	13652301	.	.	BND	sample-1016|sv-1|BND|hg38|gene-NA					
chr1	73361433	73361434	chr7	5020701	5020702	.	.	BND	sample-1016|sv-1|BND|hg38|gene-NA					
chr1	73361433	73361435	chr7	13645007	13645008	.	.	BND	sample-1016|sv-1|BND|hg38|gene-NA					
chr7	10982223	10982225	chr7	10985490	10985492	.	.	DEL	sample-1016|sv-1|DEL|hg38|gene-NA					
chr7	13645006	13645008	chr1	73361434	73361435	.	.	BND	sample-1016|sv-1|BND|hg38|gene-NA					
chr7	13645006	13645008	chr7	15050718	15050720	.	.	DUP	sample-1016|sv-1|DUP|hg38|gene-NA					
chr7	13652300	13652304	chr1	72986716	72986717	.	.	BND	sample-1016|sv-1|BND|hg38|gene-NA					
chr7	2317047	2317049	chr7	3705408	3705410	.	.	DUP	sample-1016|sv-1|DUP|hg38|gene-NA					
chr7	2584721	2584722	chr7	9246958	9246959	.	.	INV	sample-1016|sv-1|INV|hg38|gene-NA					
chr7	2590805	2590807	chr1	18848545	18848546	.	.	BND	sample-1016|sv-1|BND|hg38|gene-NA					
chr7	3298793	3298794	chr7	15050722	15050723	.	.	INV	sample-1016|sv-1|INV|hg38|gene-NA					
chr7	3298796	3298797	chr7	9251051	9251052	.	.	DEL	sample-1016|sv-1|DEL|hg38|gene-NA					
chr7	3710338	3710341	chr1	18852503	18852504	.	.	BND	sample-1016|sv-1|BND|hg38|gene-NA					
chr7	5020701	5020702	chr1	73361433	73361434	.	.	BND	sample-1016|sv-1|BND|hg38|gene-NA					
chr7	5058556	5058558	chr7	13650870	13650872	.	.	DUP	sample-1016|sv-1|DUP|hg38|gene-NA					
chr7	158221901	158221907	chr7	158353322	158353328	.	.	DEL	sample-1133|sv-1|DEL|hg38|gene-NA					
chr8	84660430	84660431	chr8	84670037	84670038	.	.	DEL	sample-1133|sv-2|DEL|hg38|gene-NA					
chr2	50839098	50839100	chr2	51383853	51383855	.	.	DEL	sample-1132|sv-1|DEL|hg38|gene-NA					
chr6	89883983	89883985	chr6	89884398	89884399	.	.	DEL	sample-779|sv-1|DEL|hg38|gene-NA					
chr5	170012204	170012228	chr5	170012261	170012262	.	.	DEL	sample-783|sv-1|DEL|hg38|gene-NA					
chr10	1664058	1664072	chr10	1664146	1664147	.	.	DEL	sample-691|sv-1|DEL|hg38|gene-NA					
chr14	105738510	105738517	chr14	105739088	105739089	.	.	DEL	sample-208|sv-1|DEL|hg38|gene-NA					
chr12	61035991	61035996	chr12	62511921	62511926	.	.	DEL	sample-1200|sv-1|DEL|hg38|gene-NA					
chr16	83145585	83145589	chr16	83145659	83145660	.	.	DEL	sample-841|sv-1|DEL|hg38|gene-NA					
chr14	50810695	50810699	chr14	50813089	50813093	.	.	DEL	sample-1450|sv-1|DEL|hg38|gene-NA					
chr16	2116936	2116936	chr16	2117039	2117039	.	.	DEL	sample-1002|sv-1|DEL|hg38|gene-NA					
chr5	97532219	97532223	chr5	97804293	97804297	.	.	DUP	sample-1121|sv-1|DUP|hg38|gene-NA					
chr4	174414255	174414256	chr4	174530416	174530417	.	.	DEL	sample-1228|sv-1|DEL|hg38|gene-NA					
chr4	174543922	174543923	chr4	174544975	174544976	.	.	DEL	sample-1228|sv-2|DEL|hg38|gene-NA					
chrX	41734997	41735001	chrX	41800368	41800372	.	.	DEL	sample-1228|sv-3|DEL|hg38|gene-CASK					
chr11	40699453	40699457	chr11	40713596	40713600	.	.	DEL	sample-983|sv-1|DEL|hg38|gene-NA					
chr17	28167835	28167838	chr17	28181210	28181213	.	.	DEL	sample-1253|sv-1|DEL|hg38|gene-NA					
chr2	191783853	191783856	chr2	191793341	191793344	.	.	DEL	sample-131|sv-1|DEL|hg38|gene-NA					
chr1	189237423	189237425	chr1	189245136	189245138	.	.	DEL	sample-1232|sv-1|DEL|hg38|gene-NA					
chr3	9814530	9814545	chr3	9833994	9834009	.	.	DEL	sample-1361|sv-1|DEL|hg38|gene-NA					
chr21	15634277	15634282	chr21	15649609	15649614	.	.	DEL	sample-1581|sv-1|DEL|hg38|gene-NA					
chr10	14320827	14320830	chr10	14325765	14325768	.	.	DEL	sample-238|sv-1|DEL|hg38|gene-NA					
chr4	24290264	24290266	chr4	27347710	27347712	.	.	DEL	sample-963|sv-1|DEL|hg38|gene-NA					
chr4	163613441	163613442	chr4	163706826	163706827	.	.	DEL	sample-1084|sv-1|DEL|hg38|gene-NA					
chr6	119969193	119969195	chr6	119969247	119969248	.	.	DEL	sample-730|sv-1|DEL|hg38|gene-NA					
chr5	104660692	104660694	chr5	104684295	104684297	.	.	DEL	sample-1303|sv-1|DEL|hg38|gene-NA					
chr3	113674398	113674404	chr3	113688174	113688180	.	.	DEL	sample-1422|sv-1|DEL|hg38|gene-NA					
chr2	26278129	26278134	chr2	26282176	26282181	.	.	DEL	sample-1533|sv-1|DEL|hg38|gene-NA					
chr4	123520771	123520775	chr4	123521250	123521251	.	.	DEL	sample-1408|sv-1|DEL|hg38|gene-NA					
chrX	45013671	45013672	chrX	45482636	45482637	.	.	DEL	sample-1282|sv-1|DEL|hg38|gene-NA					
chrX	45021382	45021390	chrX	45478730	45478738	.	.	DUP	sample-1282|sv-1|DUP|hg38|gene-NA					
chr5	53976460	53976462	chr5	54043675	54043677	.	.	DEL	sample-667|sv-1|DEL|hg38|gene-NA					
chr19	53685729	53685730	chr19	53886582	53886583	.	.	DUP	sample-56|sv-1|DUP|hg38|gene-NA					
chr6	110333529	110333530	chr6	110334239	110334240	.	.	DEL	sample-887|sv-1|DEL|hg38|gene-NA					
chr14	29800574	29800575	chr14	29813910	29813911	.	.	DEL	sample-1433|sv-1|DEL|hg38|gene-NA					
chr10	554027	554039	chr10	554087	554088	.	.	DEL	sample-1689|sv-1|DEL|hg38|gene-NA					
chr12	37336520	37336551	chr12	37337712	37337743	.	.	DEL	sample-1331|sv-1|DEL|hg38|gene-NA					
chr6	90020821	90020822	chr6	108156317	108156318	.	.	INV	sample-122|sv-1|INV|hg38|gene-NA					
chr6	90024979	90024980	chr6	108156319	108156320	.	.	INV	sample-122|sv-1|INV|hg38|gene-NA					
chr18	79133515	79133526	chr18	79133603	79133604	.	.	DEL	sample-762|sv-1|DEL|hg38|gene-NA					
chr7	6202370	6202371	chr7	6346711	6346712	.	.	DEL	sample-379|sv-1|DEL|hg38|gene-NA					
chr12	128967077	128967078	chr12	128973690	128973691	.	.	DEL	sample-974|sv-1|DEL|hg38|gene-NA					
chr9	27984108	27984109	chr9	27984413	27984414	.	.	DEL	sample-552|sv-1|DEL|hg38|gene-NA					
chr9	24878198	24878199	chr9	24973717	24973718	.	.	DEL	sample-1177|sv-1|DEL|hg38|gene-NA					
chrX	22965933	22965936	chrX	22999680	22999683	.	.	DEL	sample-569|sv-1|DEL|hg38|gene-NA					
chr8	122584404	122584407	chr8	122588410	122588413	.	.	DEL	sample-67|sv-1|DEL|hg38|gene-NA					
chr13	74235987	74235991	chr13	74251248	74251252	.	.	DEL	sample-1305|sv-1|DEL|hg38|gene-NA					
chr19	39821117	39821122	chrX	14852046	14852047	.	.	BND	sample-843|sv-1|BND|hg38|gene-NA					
chr2	43863988	43864023	chr2	43864072	43864073	.	.	DEL	sample-195|sv-1|DEL|hg38|gene-NA					
chr5	1064495	1064497	chr5	1200729	1200731	.	.	DEL	sample-315|sv-1|DEL|hg38|gene-NA					
chr16	2873000	2873000	chr16	2619000	2619000	.	.	INV	sample-315|sv-2|INV|hg38|gene-SRRM2					
chr16	2828414	2828415	chr16	3046235	3046236	.	.	INV	sample-315|sv-2|INV|hg38|gene-SRRM2					
chr18	58154162	58154166	chr18	58296574	58296578	.	.	DEL	sample-315|sv-3|DEL|hg38|gene-NA					
chr8	60676454	60676457	chr8	60680848	60680851	.	.	INV	sample-1595|sv-1|INV|hg38|gene-CHD7					
chr8	60676825	60676826	chr8	60680862	60680863	.	.	INV	sample-1595|sv-1|INV|hg38|gene-CHD7					
chr9	87149500	87149503	chr9	87151118	87151121	.	.	DEL	sample-1593|sv-1|DEL|hg38|gene-NA					
chr16	84718926	84718937	chr16	84722693	84722704	.	.	DEL	sample-258|sv-1|DEL|hg38|gene-NA					
chr8	130249288	130249289	chr8	130259458	130259459	.	.	DEL	sample-994|sv-1|DEL|hg38|gene-NA					
chr2	199446504	199446505	chr2	200666113	200666114	.	.	INV	sample-635|sv-1|INV|hg38|gene-SATB2					
chr18	14935420	14935423	chr18	14935893	14935894	.	.	DEL	sample-159|sv-1|DEL|hg38|gene-NA					
chr2	114891407	114891413	chr2	114903038	114903044	.	.	DEL	sample-806|sv-1|DEL|hg38|gene-NA					
chr12	70331101	70331109	chr12	70333265	70333273	.	.	DEL	sample-571|sv-1|DEL|hg38|gene-CNOT2					
chr12	70333467	70333470	chr12	70336922	70336925	.	.	DEL	sample-571|sv-1|DEL|hg38|gene-CNOT2					
chr10	19143372	19143373	chr20	13005089	13005090	.	.	BND	sample-567|sv-1|BND|hg38|gene-NA					
chr10	19143385	19143386	chr7	97274148	97274149	.	.	BND	sample-567|sv-1|BND|hg38|gene-NA					
chr10	25132600	25132601	chr20	11962144	11962145	.	.	BND	sample-567|sv-1|BND|hg38|gene-NA					
chr10	25132609	25132610	chr7	134568686	134568687	.	.	BND	sample-567|sv-1|BND|hg38|gene-NA					
chr10	25216038	25216039	chr20	12999577	12999578	.	.	BND	sample-567|sv-1|BND|hg38|gene-NA					
chr10	25216044	25216045	chr7	133543197	133543198	.	.	BND	sample-567|sv-1|BND|hg38|gene-NA					
chr20	11962144	11962145	chr10	25132600	25132601	.	.	BND	sample-567|sv-1|BND|hg38|gene-NA					
chr20	12999577	12999578	chr10	25216038	25216039	.	.	BND	sample-567|sv-1|BND|hg38|gene-NA					
chr20	13003577	13003578	chr7	94886997	94886998	.	.	BND	sample-567|sv-1|BND|hg38|gene-NA					
chr20	13003596	13003597	chr7	94887001	94887002	.	.	BND	sample-567|sv-1|BND|hg38|gene-NA					
chr20	13005088	13005091	chr7	94957029	94957030	.	.	BND	sample-567|sv-1|BND|hg38|gene-NA					
chr20	13005089	13005090	chr10	19143372	19143373	.	.	BND	sample-567|sv-1|BND|hg38|gene-NA					
chr7	133543197	133543198	chr10	25216044	25216045	.	.	BND	sample-567|sv-1|BND|hg38|gene-NA					
chr7	134568686	134568687	chr10	25132609	25132610	.	.	BND	sample-567|sv-1|BND|hg38|gene-NA					
chr7	94886997	94886998	chr20	13003577	13003578	.	.	BND	sample-567|sv-1|BND|hg38|gene-NA					
chr7	94887001	94887002	chr20	13003596	13003597	.	.	BND	sample-567|sv-1|BND|hg38|gene-NA					
chr7	94957029	94957032	chr20	13005088	13005089	.	.	BND	sample-567|sv-1|BND|hg38|gene-NA					
chr7	97274148	97274149	chr10	19143385	19143386	.	.	BND	sample-567|sv-1|BND|hg38|gene-NA					
chr8	36500184	36500186	chr8	36500829	36500831	.	.	INV	sample-685|sv-1|INV|hg38|gene-NA					
chr2	59949615	59949619	chr2	60018603	60018607	.	.	DEL	sample-200|sv-1|DEL|hg38|gene-NA					
chr2	60180732	60180737	chr2	60748490	60748495	.	.	DEL	sample-200|sv-2|DEL|hg38|gene-chr2p16.1_loss					
chr14	78971256	78971257	chr14	78981905	78981906	.	.	DUP	sample-1269|sv-1|DUP|hg38|gene-NA					
chr8	85624050	85624054	chr8	85646260	85646264	.	.	DUP	sample-1395|sv-1|DUP|hg38|gene-NA					
chr3	90458663	90458687	chr3	90459174	90459175	.	.	DEL	sample-1393|sv-1|DEL|hg38|gene-NA					
chr20	14885733	14885735	chr20	14969355	14969357	.	.	DEL	sample-183|sv-1|DEL|hg38|gene-NA					
chr8	87570974	87570975	chr8	87590191	87590192	.	.	DUP	sample-71|sv-1|DUP|hg38|gene-NA					
chr8	87590193	87590194	chr8	87663692	87663693	.	.	DUP	sample-71|sv-1|DUP|hg38|gene-NA					
chr4	6518333	6518334	chr4	6518670	6518671	.	.	DEL	sample-1644|sv-1|DEL|hg38|gene-NA					
chr7	154281047	154281048	chr7	154285558	154285559	.	.	DEL	sample-249|sv-1|DEL|hg38|gene-NA					
chr10	96801116	96801117	chr10	96803066	96803067	.	.	DEL	sample-349|sv-1|DEL|hg38|gene-NA					
chr3	70733188	70733192	chr3	70748973	70748977	.	.	DEL	sample-347|sv-1|DEL|hg38|gene-NA					
chr12	84337409	84337414	chr12	84337572	84337573	.	.	DEL	sample-701|sv-2|DEL|hg38|gene-NA					
chr13	35847403	35847404	chrX	39542456	39542457	.	.	BND	sample-826|sv-1|BND|hg38|gene-NA					
chr14	25228698	25228699	chr14	27258216	27258217	.	.	DEL	sample-1211|sv-1|DEL|hg38|gene-NA					
chr14	25228702	25228704	chr14	32757110	32757112	.	.	INV	sample-1211|sv-1|INV|hg38|gene-NA					
chr14	27258215	27258218	chr14	32757111	32757114	.	.	INV	sample-1211|sv-1|INV|hg38|gene-NA					
chr12	122212922	122212925	chr12	122214408	122214411	.	.	DEL	sample-345|sv-1|DEL|hg38|gene-NA					
chr6	112340527	112340528	chr6	112389379	112389380	.	.	DEL	sample-348|sv-1|DEL|hg38|gene-NA					
chr6	112404871	112404876	chr6	112408106	112408111	.	.	DEL	sample-348|sv-2|DEL|hg38|gene-NA					
chr18	60591516	60591517	chr18	60639539	60639540	.	.	DUP	sample-1549|sv-1|DUP|hg38|gene-NA					
chrX	121388814	121388819	chrX	121474395	121474400	.	.	DEL	sample-1322|sv-1|DEL|hg38|gene-NA					
chr22	30408105	30408106	chr22	49865962	49865963	.	.	DEL	sample-14|sv-1|DEL|hg38|gene-chr22q_del					
chr22	23475734	23475735	chr22	24066192	24066193	.	.	DUP	sample-14|sv-2|DUP|hg38|gene-NA					
chr8	99505273	99505279	chr8	99508215	99508221	.	.	DEL	sample-1475|sv-1|DEL|hg38|gene-NA					
chr16	89485738	89485739	chr16	89499833	89499834	.	.	DEL	sample-1596|sv-1|DEL|hg38|gene-ANKRD11					
chr15	50963563	50963566	chr15	51164118	51164121	.	.	INV	sample-301|sv-1|INV|hg38|gene-NA					
chr2	49801854	49801858	chr2	49815275	49815279	.	.	INV	sample-478|sv-1|INV|hg38|gene-NA					
chr16	89286519	89286521	chr16	89291003	89291005	.	.	DEL	sample-1238|sv-1|DEL|hg38|gene-ANKRD11					
chrX	19021938	19021942	chrX	19455864	19455868	.	.	DUP	sample-376|sv-1|DUP|hg38|gene-NA					
chr16	65438219	65438222	chr16	65464691	65464694	.	.	DUP	sample-862|sv-1|DUP|hg38|gene-NA					
chr11	73818808	73818809	chr11	73818863	73818864	.	.	DEL	sample-863|sv-1|DEL|hg38|gene-NA					
chr12	56843270	56843274	chr12	57567391	57567395	.	.	DEL	sample-864|sv-1|DEL|hg38|gene-NA					
chr2	176282435	176282439	chr2	176288615	176288619	.	.	DEL	sample-1583|sv-1|DEL|hg38|gene-NA					
chr2	176288457	176288459	chr2	176288841	176288843	.	.	DUP	sample-1583|sv-1|DUP|hg38|gene-NA					
chr2	23910961	23910997	chr2	23911289	23911290	.	.	DEL	sample-90|sv-1|DEL|hg38|gene-NA					
chr4	158099382	158099386	chr4	158099474	158099475	.	.	DEL	sample-90|sv-2|DEL|hg38|gene-NA					
chr5	89171025	89171026	chr5	93498233	93498234	.	.	INV	sample-573|sv-1|INV|hg38|gene-NA					
chr5	89171026	89171027	chr5	91220367	91220368	.	.	INV	sample-573|sv-1|INV|hg38|gene-NA					
chr18	47565817	47565818	chr18	47566946	47566947	.	.	DEL	sample-1045|sv-1|DEL|hg38|gene-NA					
chr2	80419150	80419151	chr2	80420347	80420348	.	.	DEL	sample-339|sv-1|DEL|hg38|gene-NA					
chr17	9593675	9593724	chr17	9599960	9600009	.	.	DEL	sample-944|sv-1|DEL|hg38|gene-NA					
chr3	181831701	181831730	chr3	181834812	181834841	.	.	DUP	sample-1057|sv-1|DUP|hg38|gene-NA					
chrX	31957538	31957540	chrX	31977950	31977952	.	.	DEL	sample-1181|sv-1|DEL|hg38|gene-DMD					
chr2	21925518	21925522	chr2	21933261	21933265	.	.	DEL	sample-1690|sv-1|DEL|hg38|gene-NA					
chr7	20345965	20345969	chr7	20346105	20346106	.	.	DEL	sample-170|sv-1|DEL|hg38|gene-NA					
chr17	63721327	63721361	chr17	63736583	63736617	.	.	DEL	sample-423|sv-1|DEL|hg38|gene-NA					
chr21	30230523	30230531	chr21	30230626	30230627	.	.	DEL	sample-690|sv-1|DEL|hg38|gene-NA					
chr10	73436521	73436522	chr10	73442272	73442273	.	.	DUP	sample-75|sv-1|DUP|hg38|gene-NA					
chr10	73436898	73436900	chr10	73448157	73448159	.	.	DEL	sample-75|sv-1|DEL|hg38|gene-NA					
chr2	219570847	219570848	chr2	219580808	219580809	.	.	DEL	sample-188|sv-1|DEL|hg38|gene-NA					
chr20	44169008	44169012	chr20	44169091	44169092	.	.	DEL	sample-1649|sv-1|DEL|hg38|gene-NA					
chr5	177405564	177405565	chr5	177411498	177411499	.	.	DEL	sample-1139|sv-1|DEL|hg38|gene-NA					
chr5	177430259	177430264	chr5	177430624	177430625	.	.	DEL	sample-1139|sv-2|DEL|hg38|gene-NA					
chr2	44443522	44443524	chr2	44444469	44444470	.	.	DEL	sample-295|sv-1|DEL|hg38|gene-NA					
chr12	70824081	70824082	chr12	70829411	70829412	.	.	DEL	sample-756|sv-1|DEL|hg38|gene-NA					
chr7	26191443	26191446	chr7	26291798	26291801	.	.	DUP	sample-390|sv-1|DUP|hg38|gene-NA					
chr6	126215432	126215433	chr6	126215704	126215705	.	.	DEL	sample-768|sv-1|DEL|hg38|gene-NA					
chr12	123587110	123587111	chr12	123593862	123593863	.	.	DEL	sample-245|sv-1|DEL|hg38|gene-NA					
chr5	76358384	76358410	chr5	76358467	76358468	.	.	DEL	sample-247|sv-1|DEL|hg38|gene-NA					
chr3	153180971	153180972	chr3	153181346	153181347	.	.	INV	sample-357|sv-1|INV|hg38|gene-NA					
chr3	153180983	153180986	chr3	153182046	153182049	.	.	INV	sample-357|sv-1|INV|hg38|gene-NA					
chr7	118246379	118246413	chr7	118246724	118246725	.	.	DEL	sample-233|sv-1|DEL|hg38|gene-NA					
chr1	89943083	89943084	chr6	156927981	156927982	.	.	BND	sample-722|sv-1|BND|hg38|gene-ARID1B					
chr1	89943284	89943289	chr6	156934974	156934975	.	.	BND	sample-722|sv-1|BND|hg38|gene-ARID1B					
chr6	156927981	156927982	chr1	89943083	89943084	.	.	BND	sample-722|sv-1|BND|hg38|gene-ARID1B					
chr6	156934970	156934975	chr1	89943288	89943289	.	.	BND	sample-722|sv-1|BND|hg38|gene-ARID1B					
chr5	65700360	65700361	chr5	66266235	66266236	.	.	DUP	sample-1106|sv-1|DUP|hg38|gene-NA					
chr7	57366870	57366873	chr7	57369157	57369160	.	.	DEL	sample-30|sv-1|DEL|hg38|gene-NA					
chr3	171325141	171325145	chr3	171331327	171331331	.	.	DEL	sample-866|sv-1|DEL|hg38|gene-NA					
chr7	5367321	5367350	chr7	5405073	5405102	.	.	DEL	sample-654|sv-1|DEL|hg38|gene-NA					
chr19	57274000	57274004	chr19	57274053	57274054	.	.	DEL	sample-282|sv-1|DEL|hg38|gene-NA					
chr22	38652754	38652758	chr22	38671280	38671284	.	.	DEL	sample-414|sv-1|DEL|hg38|gene-NA					
chr9	33474083	33474085	chr9	33474300	33474301	.	.	DEL	sample-519|sv-1|DEL|hg38|gene-NA					
chr9	33474411	33474415	chr9	33478176	33478180	.	.	DEL	sample-519|sv-1|DEL|hg38|gene-NA					
chrX	139835766	139835769	chrX	142874777	142874780	.	.	INV	sample-389|sv-1|INV|hg38|gene-NA					
chrX	140160000	140160000	chrX	142836000	142836000	.	.	INV	sample-389|sv-1|INV|hg38|gene-NA					
chr12	73702306	73702307	chr12	73704233	73704234	.	.	DEL	sample-1344|sv-1|DEL|hg38|gene-NA					
chr1	38233598	38233599	chr10	38483018	38483019	.	.	BND	sample-377|sv-1|BND|hg38|gene-NA					
chr19	3714119	3714133	chr19	3717504	3717518	.	.	DEL	sample-253|sv-1|DEL|hg38|gene-NA					
chr17	26968557	26968560	chr17	27046128	27046131	.	.	DUP	sample-977|sv-1|DUP|hg38|gene-NA					
chr12	109620644	109620648	chr12	109661366	109661370	.	.	DUP	sample-976|sv-1|DUP|hg38|gene-NA					
chr13	65651091	65651094	chr13	65651155	65651156	.	.	DEL	sample-276|sv-1|DEL|hg38|gene-NA					
chr17	31694390	31694391	chr17	31698614	31698615	.	.	INV	sample-276|sv-2|INV|hg38|gene-NA					
chr17	31698491	31698496	chr17	31698632	31698637	.	.	INV	sample-276|sv-2|INV|hg38|gene-NA					
chrX	26162010	26162025	chrX	26195253	26195268	.	.	DEL	sample-1380|sv-1|DEL|hg38|gene-NA					
chr3	87018385	87018421	chr3	87097080	87097116	.	.	INV	sample-1401|sv-1|INV|hg38|gene-NA					
chr6	141055446	141055449	chr6	141055503	141055504	.	.	DEL	sample-763|sv-1|DEL|hg38|gene-NA					
chr10	82323212	82323219	chr10	82531870	82531877	.	.	DEL	sample-653|sv-1|DEL|hg38|gene-NA					
chr4	35143142	35143144	chr4	37185735	37185737	.	.	DUP	sample-1594|sv-1|DUP|hg38|gene-NA					
chr20	26282488	26282501	chr20	26284169	26284182	.	.	DEL	sample-883|sv-1|DEL|hg38|gene-NA					
chr2	123899871	123899872	chr2	123902254	123902255	.	.	DEL	sample-882|sv-1|DEL|hg38|gene-NA					
chr18	21934964	21934969	chr18	21996822	21996827	.	.	DUP	sample-882|sv-2|DUP|hg38|gene-NA					
chr18	22082574	22082578	chr18	22192368	22192372	.	.	DUP	sample-882|sv-3|DUP|hg38|gene-NA					
chr4	63011737	63011738	chr4	63011877	63011878	.	.	DEL	sample-1145|sv-1|DEL|hg38|gene-NA					
chr19	6629736	6629739	chr19	9773066	9773069	.	.	DEL	sample-418|sv-1|DEL|hg38|gene-NA					
chr8	52393010	52393011	chr8	52853486	52853487	.	.	DUP	sample-817|sv-1|DUP|hg38|gene-NA					
chr20	25638760	25638765	chr20	25655373	25655378	.	.	DEL	sample-1506|sv-1|DEL|hg38|gene-NA					
chr7	16398800	16398808	chr7	16398988	16398989	.	.	DEL	sample-532|sv-1|DEL|hg38|gene-NA					
chr14	64779503	64779504	chr14	64784021	64784022	.	.	DEL	sample-1414|sv-1|DEL|hg38|gene-NA					
chr22	40133706	40133740	chr22	40396329	40396363	.	.	DEL	sample-453|sv-1|DEL|hg38|gene-TNRC6B					
chr18	45265082	45265083	chr18	60057815	60057816	.	.	INV	sample-1391|sv-1|INV|hg38|gene-NA					
chr19	56224938	56224961	chr19	56244126	56244149	.	.	INV	sample-810|sv-1|INV|hg38|gene-NA					
chr5	17608019	17608023	chr5	17615910	17615914	.	.	DUP	sample-1628|sv-1|DUP|hg38|gene-NA					
chr5	11608881	11608885	chr5	12030674	12030678	.	.	DEL	sample-1398|sv-1|DEL|hg38|gene-NA					
chr6	148605517	148605518	chr6	148614457	148614458	.	.	DEL	sample-311|sv-1|DEL|hg38|gene-NA					
chr2	134382161	134382162	chr2	201666747	201666748	.	.	INV	sample-46|sv-1|INV|hg38|gene-NA					
chr3	190129330	190129350	chr3	190129795	190129796	.	.	DEL	sample-160|sv-1|DEL|hg38|gene-NA					
chr12	74988064	74988068	chr12	100568203	100568207	.	.	INV	sample-899|sv-1|INV|hg38|gene-NA					
chr12	74988065	74988069	chr12	96351359	96351363	.	.	INV	sample-899|sv-1|INV|hg38|gene-NA					
chr12	93761599	93761600	chr6	145789439	145789440	.	.	BND	sample-899|sv-1|BND|hg38|gene-NA					
chr12	93761602	93761608	chr6	145789438	145789439	.	.	BND	sample-899|sv-1|BND|hg38|gene-NA					
chr12	96351362	96351366	chr12	100568203	100568207	.	.	DEL	sample-899|sv-1|DEL|hg38|gene-NA					
chr6	145789438	145789444	chr12	93761602	93761603	.	.	BND	sample-899|sv-1|BND|hg38|gene-NA					
chr6	145789439	145789440	chr12	93761599	93761600	.	.	BND	sample-899|sv-1|BND|hg38|gene-NA					
chr17	50673215	50673219	chr17	50673477	50673478	.	.	DEL	sample-28|sv-1|DEL|hg38|gene-NA					
chr8	68788084	68788089	chr8	68898206	68898211	.	.	INV	sample-1477|sv-1|INV|hg38|gene-NA					
chr6	162441873	162441876	chr6	162453429	162453432	.	.	DUP	sample-1476|sv-1|DUP|hg38|gene-NA					
chr15	78939615	78939662	chr15	78997460	78997507	.	.	DEL	sample-1478|sv-1|DEL|hg38|gene-NA					
chr12	62423671	62423681	chr12	62426546	62426556	.	.	INV	sample-1601|sv-1|INV|hg38|gene-NA					
chr12	87008963	87008968	chr12	87013480	87013485	.	.	DEL	sample-1505|sv-1|DEL|hg38|gene-NA					
chr16	72497784	72497785	chr16	72498210	72498211	.	.	DEL	sample-104|sv-1|DEL|hg38|gene-NA					
chr1	101797905	101797909	chr1	101937548	101937552	.	.	DEL	sample-337|sv-1|DEL|hg38|gene-NA					
chr21	45686503	45686506	chr21	45696802	45696805	.	.	DUP	sample-1185|sv-1|DUP|hg38|gene-NA					
chr19	32621064	32621065	chr19	32621591	32621592	.	.	DEL	sample-838|sv-1|DEL|hg38|gene-NA					
chr10	125902587	125902589	chr10	125904424	125904426	.	.	DEL	sample-31|sv-1|DEL|hg38|gene-NA					
chr6	117643896	117643899	chr6	117701064	117701067	.	.	DEL	sample-356|sv-1|DEL|hg38|gene-NUS1					
chr7	125900100	125900106	chr7	125923518	125923524	.	.	DUP	sample-356|sv-2|DUP|hg38|gene-NA					
chr2	61450971	61450984	chr2	61507629	61507642	.	.	DEL	sample-1096|sv-1|DEL|hg38|gene-NA					
chr15	91979974	91979978	chr15	91996953	91996957	.	.	DUP	sample-837|sv-1|DUP|hg38|gene-NA					
chrX	31695015	31695016	chrX	31961789	31961790	.	.	DEL	sample-1547|sv-1|DEL|hg38|gene-Xp21.1_loss					
chr9	14481053	14481058	chr9	14485498	14485503	.	.	DEL	sample-361|sv-1|DEL|hg38|gene-NA					
chr3	157916000	157916006	chr3	157916083	157916084	.	.	DEL	sample-106|sv-1|DEL|hg38|gene-NA					
chr22	36335229	36335230	chr22	36372042	36372043	.	.	DEL	sample-106|sv-2|DEL|hg38|gene-NA					
chr1	49417162	49417164	chr1	49423459	49423461	.	.	DEL	sample-591|sv-1|DEL|hg38|gene-NA					
chr19	46700095	46700096	chr19	46701140	46701141	.	.	INV	sample-1104|sv-1|INV|hg38|gene-NA					
chr19	46757744	46757746	chr19	47322667	47322669	.	.	DUP	sample-1104|sv-1|DUP|hg38|gene-NA					
chr22	32829805	32829809	chr22	32838556	32838560	.	.	DUP	sample-1104|sv-2|DUP|hg38|gene-NA					
chr10	63419226	63419227	chr10	63613970	63613971	.	.	DEL	sample-375|sv-1|DEL|hg38|gene-NA					
chr18	34625158	34625175	chr18	34642682	34642699	.	.	DEL	sample-373|sv-1|DEL|hg38|gene-NA					
chr5	160138122	160138138	chr5	160147825	160147841	.	.	DUP	sample-502|sv-1|DUP|hg38|gene-NA					
chr19	27405446	27405490	chr19	27408856	27408900	.	.	DUP	sample-241|sv-1|DUP|hg38|gene-NA					
chr10	28596038	28596039	chr13	96413296	96413297	.	.	BND	sample-720|sv-1|BND|hg38|gene-NA					
chr13	96129860	96129861	chr17	60211897	60211898	.	.	BND	sample-720|sv-1|BND|hg38|gene-NA					
chr13	96413296	96413297	chr10	28596038	28596039	.	.	BND	sample-720|sv-1|BND|hg38|gene-NA					
chr17	60211897	60211898	chr13	96129860	96129861	.	.	BND	sample-720|sv-1|BND|hg38|gene-NA					
chr9	109359673	109359699	chr9	109366190	109366216	.	.	DEL	sample-1214|sv-1|DEL|hg38|gene-NA					
chr7	111205609	111205613	chr7	111374746	111374750	.	.	DEL	sample-855|sv-1|DEL|hg38|gene-NA					
chr12	133164387	133164390	chr12	133201849	133201852	.	.	DUP	sample-1126|sv-1|DUP|hg38|gene-NA					
chr3	144097764	144097768	chr3	144098352	144098353	.	.	DEL	sample-1127|sv-1|DEL|hg38|gene-NA					
chr9	68655006	68655010	chr9	68659424	68659428	.	.	DEL	sample-721|sv-1|DEL|hg38|gene-NA					
chr22	37965546	37965550	chr22	38038905	38038909	.	.	DUP	sample-489|sv-1|DUP|hg38|gene-NA					
chr19	11002948	11002951	chr19	11004450	11004453	.	.	DEL	sample-1453|sv-1|DEL|hg38|gene-SMARCA4					
chr12	10958020	10958022	chr12	11003638	11003640	.	.	DEL	sample-1119|sv-1|DEL|hg38|gene-NA					
chr7	7260071	7260072	chr7	7403092	7403093	.	.	DUP	sample-1466|sv-1|DUP|hg38|gene-NA					
chr2	147980902	147980903	chr2	148012299	148012300	.	.	DEL	sample-246|sv-1|DEL|hg38|gene-NA					
chr8	56188980	56188984	chr8	56298947	56298951	.	.	DEL	sample-1035|sv-1|DEL|hg38|gene-NA					
chr2	155414934	155414936	chr2	155415016	155415017	.	.	DEL	sample-629|sv-1|DEL|hg38|gene-NA					
chr7	39470905	39470915	chr7	39470961	39470962	.	.	DEL	sample-1339|sv-1|DEL|hg38|gene-NA					
chr18	53826680	53826681	chr18	53826785	53826786	.	.	DEL	sample-1339|sv-2|DEL|hg38|gene-NA					
chr1	200978464	200978470	chr1	200979095	200979096	.	.	DEL	sample-1611|sv-1|DEL|hg38|gene-NA					
chr3	138631267	138631270	chr3	139002858	139002861	.	.	DUP	sample-17|sv-1|DUP|hg38|gene-NA					
chr7	8275911	8275914	chr7	8285581	8285584	.	.	DEL	sample-162|sv-1|DEL|hg38|gene-NA					
chr7	82372779	82372783	chr7	82407230	82407234	.	.	DEL	sample-473|sv-1|DEL|hg38|gene-NA					
chr5	22808286	22808287	chr5	23097793	23097794	.	.	DUP	sample-18|sv-1|DUP|hg38|gene-NA					
chr8	24645913	24645914	chr8	25943249	25943250	.	.	DUP	sample-1590|sv-1|DUP|hg38|gene-NA					
chr3	19135286	19135329	chr3	19137380	19137423	.	.	DEL	sample-242|sv-1|DEL|hg38|gene-NA					
chr20	2672950	2672981	chr20	3029567	3029598	.	.	DEL	sample-793|sv-1|DEL|hg38|gene-NA					
chr2	110095325	110095325	chr2	110227636	110227636	.	.	DEL	sample-488|sv-1|DEL|hg38|gene-NPHP1					
chr12	99456723	99456725	chr12	99503002	99503004	.	.	DEL	sample-1568|sv-1|DEL|hg38|gene-NA					
chr21	43703105	43703106	chr21	43704122	43704123	.	.	DEL	sample-1568|sv-2|DEL|hg38|gene-NA					
chr2	33864451	33864452	chr2	33866135	33866136	.	.	DEL	sample-1567|sv-1|DEL|hg38|gene-NA					
chr3	83034882	83034883	chr3	169399501	169399502	.	.	INV	sample-971|sv-1|INV|hg38|gene-NA					
chr1	69392056	69392058	chr1	69394658	69394660	.	.	DUP	sample-1556|sv-1|DUP|hg38|gene-NA					
chr11	99506438	99506441	chr11	99509189	99509192	.	.	DEL	sample-1086|sv-1|DEL|hg38|gene-NA					
chr22	40180686	40180687	chr22	40298017	40298018	.	.	DEL	sample-125|sv-1|DEL|hg38|gene-TNRC6B					
chr9	28645228	28645230	chr9	28728193	28728195	.	.	DEL	sample-498|sv-1|DEL|hg38|gene-NA					
chr14	106693787	106694593	chr14	106740232	106740974	.	.	DEL	sample-498|sv-3|DEL|hg38|gene-NA					
chr4	30241784	30241787	chr4	30903518	30903521	.	.	INV	sample-830|sv-1|INV|hg38|gene-NA					
chr4	30826000	30826000	chr4	30960000	30960000	.	.	INV	sample-830|sv-1|INV|hg38|gene-NA					
chr22	20723059	20723067	chr22	20872431	20872439	.	.	DUP	sample-833|sv-1|DUP|hg38|gene-NA					
chr22	23292375	23292377	chr9	130724626	130724627	.	.	BND	sample-340|sv-1|BND|hg38|gene-NA					
chr22	24297747	24297750	chr9	128943513	128943514	.	.	BND	sample-340|sv-1|BND|hg38|gene-NA					
chr9	128943513	128943516	chr22	24297747	24297748	.	.	BND	sample-340|sv-1|BND|hg38|gene-NA					
chr9	130724626	130724628	chr22	23292375	23292376	.	.	BND	sample-340|sv-1|BND|hg38|gene-NA					
chr9	128900968	128900969	chr9	128901462	128901463	.	.	DEL	sample-340|sv-2|DEL|hg38|gene-NA					
chr20	42665715	42665716	chr20	42775701	42775702	.	.	DEL	sample-1651|sv-1|DEL|hg38|gene-NA					
chr15	69239364	69239365	chr15	69239776	69239777	.	.	DEL	sample-954|sv-1|DEL|hg38|gene-NA					
chr2	143525714	143525716	chr3	105305415	105305416	.	.	BND	sample-1071|sv-1|BND|hg38|gene-NA					
chr2	143525752	143525755	chr3	105340118	105340119	.	.	BND	sample-1071|sv-1|BND|hg38|gene-NA					
chr2	143525939	143525946	chr2	143526096	143526097	.	.	DEL	sample-1071|sv-1|DEL|hg38|gene-NA					
chr2	143526002	143526007	chr3	104804306	104804307	.	.	BND	sample-1071|sv-1|BND|hg38|gene-NA					
chr2	145073560	145073561	chr2	145076202	145076203	.	.	INV	sample-1071|sv-1|INV|hg38|gene-NA					
chr2	145075490	145075491	chr2	145161870	145161871	.	.	DUP	sample-1071|sv-1|DUP|hg38|gene-NA					
chr2	145076266	145076268	chr3	112882113	112882114	.	.	BND	sample-1071|sv-1|BND|hg38|gene-NA					
chr2	145161901	145161902	chr3	104804455	104804456	.	.	BND	sample-1071|sv-1|BND|hg38|gene-NA					
chr3	104804302	104804307	chr2	143526006	143526007	.	.	BND	sample-1071|sv-1|BND|hg38|gene-NA					
chr3	104804455	104804456	chr2	145161901	145161902	.	.	BND	sample-1071|sv-1|BND|hg38|gene-NA					
chr3	104804534	104804536	chr3	105305415	105305417	.	.	DEL	sample-1071|sv-1|DEL|hg38|gene-NA					
chr3	104815742	104815743	chr3	105358112	105358113	.	.	INV	sample-1071|sv-1|INV|hg38|gene-NA					
chr3	105305414	105305416	chr2	143525715	143525716	.	.	BND	sample-1071|sv-1|BND|hg38|gene-NA					
chr3	105340118	105340121	chr2	143525752	143525753	.	.	BND	sample-1071|sv-1|BND|hg38|gene-NA					
chr3	112882113	112882115	chr2	145076266	145076267	.	.	BND	sample-1071|sv-1|BND|hg38|gene-NA					
chr17	60784094	60784095	chrX	32560503	32560504	.	.	BND	sample-1310|sv-2|BND|hg38|gene-DMD					
chr13	69296512	69296515	chr13	69350469	69350472	.	.	DUP	sample-577|sv-1|DUP|hg38|gene-NA					
chr9	6217805	6217806	chr9	6218930	6218931	.	.	DEL	sample-95|sv-1|DEL|hg38|gene-NA					
chr4	104778274	104778275	chr4	104779071	104779072	.	.	DEL	sample-94|sv-1|DEL|hg38|gene-NA					
chr15	42513960	42513970	chr15	42520197	42520207	.	.	DEL	sample-1669|sv-1|DEL|hg38|gene-NA					
chr15	48393517	48393520	chr15	50516266	50516269	.	.	DEL	sample-1318|sv-1|DEL|hg38|gene-FBN1					
chr11	46391376	46391381	chr11	46391450	46391451	.	.	DEL	sample-121|sv-1|DEL|hg38|gene-NA					
chr10	82164463	82164467	chr10	82202830	82202834	.	.	DEL	sample-592|sv-1|DEL|hg38|gene-NA					
chr15	55114974	55114979	chr15	55325147	55325152	.	.	DEL	sample-592|sv-2|DEL|hg38|gene-NA					
chr22	30861085	30861086	chr22	30865309	30865310	.	.	DEL	sample-1094|sv-1|DEL|hg38|gene-NA					
chr15	55675137	55675142	chr15	55675199	55675200	.	.	DEL	sample-659|sv-1|DEL|hg38|gene-NA					
chr2	127991321	127991322	chr2	128132445	128132446	.	.	DEL	sample-1683|sv-1|DEL|hg38|gene-NA					
chr5	127378152	127378153	chr5	127383421	127383422	.	.	DEL	sample-1445|sv-1|DEL|hg38|gene-NA					
chr4	126479610	126479611	chr4	126482189	126482190	.	.	DEL	sample-234|sv-1|DEL|hg38|gene-NA					
chr8	8399585	8399588	chr8	8575346	8575349	.	.	DUP	sample-1080|sv-2|DUP|hg38|gene-NA					
chr6	138533722	138533724	chr6	138543215	138543217	.	.	DEL	sample-726|sv-1|DEL|hg38|gene-NA					
chr6	8467159	8467162	chr6	8468582	8468585	.	.	DEL	sample-586|sv-1|DEL|hg38|gene-NA					
chr2	175994599	175994602	chr2	175996695	175996698	.	.	DEL	sample-470|sv-1|DEL|hg38|gene-NA					
chr2	175996785	175996787	chr2	176107358	176107360	.	.	DEL	sample-470|sv-1|DEL|hg38|gene-NA					
chr2	175994599	175994602	chr2	175996695	175996698	.	.	DEL	sample-469|sv-1|DEL|hg38|gene-NA					
chr2	175996785	175996787	chr2	176107358	176107360	.	.	DEL	sample-469|sv-1|DEL|hg38|gene-NA					
chr2	11345737	11345739	chr2	11347503	11347505	.	.	DEL	sample-336|sv-1|DEL|hg38|gene-NA					
chr3	78231518	78231529	chr3	78231569	78231570	.	.	DEL	sample-229|sv-1|DEL|hg38|gene-NA					
chr19	39019895	39019907	chr19	39020998	39021010	.	.	DEL	sample-601|sv-1|DEL|hg38|gene-NA					
chr1	49254165	49254170	chr1	49337153	49337158	.	.	DEL	sample-681|sv-1|DEL|hg38|gene-NA					
chr15	28196423	28196427	chr15	28231314	28231318	.	.	DEL	sample-192|sv-1|DEL|hg38|gene-NA					
chr16	2193466	2193469	chr16	2341312	2341315	.	.	DEL	sample-1034|sv-1|DEL|hg38|gene-NA					
chr2	50088468	50088469	chr2	50104924	50104925	.	.	INV	sample-478|sv-1|INV|hg38|gene-NA					
chr3	64900852	64900856	chr3	66560538	66560542	.	.	DEL	sample-37|sv-1|DEL|hg38|gene-NA					
chr3	66649972	66649976	chr3	66672853	66672857	.	.	DEL	sample-37|sv-2|DEL|hg38|gene-NA					
chr17	35835954	35835960	chr17	35841953	35841959	.	.	DEL	sample-608|sv-1|DEL|hg38|gene-NA					
chr1	218397193	218397199	chr1	218397489	218397490	.	.	DEL	sample-1234|sv-1|DEL|hg38|gene-NA					
chr2	129504437	129504438	chr2	129507696	129507697	.	.	DEL	sample-458|sv-1|DEL|hg38|gene-NA					
chr18	14279766	14280580	chr18	14299195	14299975	.	.	DEL	sample-458|sv-2|DEL|hg38|gene-NA					
chr1	3423746	3423747	chr1	3585531	3585532	.	.	DEL	sample-167|sv-1|DEL|hg38|gene-NA					
chr12	115065640	115065641	chr12	115084696	115084697	.	.	DEL	sample-1286|sv-1|DEL|hg38|gene-NA					
chr9	11871402	11871403	chr9	12232675	12232676	.	.	DEL	sample-1151|sv-1|DEL|hg38|gene-NA					
chr16	56102838	56102841	chr16	56104748	56104751	.	.	DEL	sample-454|sv-1|DEL|hg38|gene-NA					
chr11	102876627	102876628	chr11	103062239	103062240	.	.	DEL	sample-1539|sv-1|DEL|hg38|gene-NA					
chr11	42271962	42271966	chr11	42283522	42283526	.	.	DEL	sample-1495|sv-1|DEL|hg38|gene-NA					
chrX	19564732	19564736	chrX	22210230	22210234	.	.	INV	sample-628|sv-1|INV|hg38|gene-PHEX					
chr3	58678613	58678616	chr17	46068043	46068044	.	.	BND	sample-765|sv-1|BND|hg38|gene-KANSL1					
chr15	92837845	92837889	chr15	92842407	92842451	.	.	DEL	sample-1366|sv-1|DEL|hg38|gene-NA					
chr1	207412631	207412634	chr1	207414674	207414677	.	.	DEL	sample-286|sv-1|DEL|hg38|gene-NA					
chr9	134922871	134922872	chr9	134928335	134928336	.	.	DEL	sample-1268|sv-1|DEL|hg38|gene-NA					
chr18	3960896	3960901	chr18	3966426	3966431	.	.	DEL	sample-668|sv-1|DEL|hg38|gene-NA					
chr6	107254734	107254737	chr6	107357798	107357801	.	.	DEL	sample-1176|sv-1|DEL|hg38|gene-NA					
chr10	37156032	37156033	chr10	37193607	37193608	.	.	INV	sample-1465|sv-1|INV|hg38|gene-NA					
chr10	37158553	37158554	chr10	37198746	37198747	.	.	INV	sample-1465|sv-1|INV|hg38|gene-NA					
chr7	9982518	9982519	chr7	10008817	10008818	.	.	DEL	sample-1003|sv-1|DEL|hg38|gene-NA					
chr16	7705461	7705479	chr16	7784662	7784680	.	.	DEL	sample-260|sv-1|DEL|hg38|gene-NA					
chr12	60693780	60693786	chr12	60706661	60706667	.	.	DEL	sample-904|sv-1|DEL|hg38|gene-NA					
chr15	80371137	80371142	chr15	80375646	80375651	.	.	DEL	sample-296|sv-1|DEL|hg38|gene-NA					
chr3	7908221	7908222	chr3	7908297	7908298	.	.	DEL	sample-145|sv-1|DEL|hg38|gene-NA					
chr10	116775696	116775700	chr10	116776674	116776675	.	.	DEL	sample-1167|sv-1|DEL|hg38|gene-NA					
chr16	12162334	12162337	chr16	12477558	12477561	.	.	DEL	sample-201|sv-1|DEL|hg38|gene-NA					
chr4	144371703	144371704	chr4	144371783	144371784	.	.	DEL	sample-316|sv-1|DEL|hg38|gene-NA					
chr11	91839865	91839866	chr11	111890510	111890511	.	.	INV	sample-316|sv-2|INV|hg38|gene-NA					
chr7	147470273	147470300	chr7	147470363	147470364	.	.	DEL	sample-568|sv-1|DEL|hg38|gene-NA					
chr4	57063683	57063686	chr4	57063807	57063808	.	.	DEL	sample-809|sv-1|DEL|hg38|gene-NA					
chr1	20971917	20971919	chr1	20981802	20981804	.	.	DEL	sample-716|sv-1|DEL|hg38|gene-NA					
chr6	154517167	154517168	chr6	154522773	154522774	.	.	DEL	sample-716|sv-2|DEL|hg38|gene-NA					
chr1	101745704	101745705	chr1	101751965	101751966	.	.	DEL	sample-1679|sv-1|DEL|hg38|gene-NA					
chr1	176730430	176730434	chr1	176765758	176765762	.	.	DEL	sample-1679|sv-2|DEL|hg38|gene-NA					
chr16	49150672	49150678	chr16	49160893	49160899	.	.	DUP	sample-889|sv-1|DUP|hg38|gene-NA					
chr16	49151287	49151291	chr16	49155020	49155024	.	.	INV	sample-889|sv-1|INV|hg38|gene-NA					
chr16	49155039	49155042	chr16	49160569	49160572	.	.	INV	sample-889|sv-1|INV|hg38|gene-NA					
chr3	11770971	11770972	chr3	11771835	11771836	.	.	DEL	sample-1055|sv-1|DEL|hg38|gene-NA					
chr4	186193436	186193440	chr4	186224936	186224940	.	.	DUP	sample-938|sv-1|DUP|hg38|gene-NA					
chr6	162017941	162017942	chr6	162100600	162100601	.	.	DEL	sample-713|sv-1|DEL|hg38|gene-NA					
chrX	18472989	18472990	chrX	54910723	54910724	.	.	INV	sample-844|sv-1|INV|hg38|gene-CDKL5					
chr17	70727653	70727654	chr17	70759026	70759027	.	.	DEL	sample-1632|sv-1|DEL|hg38|gene-NA					
chr6	42797705	42797733	chr6	42798428	42798429	.	.	DEL	sample-60|sv-1|DEL|hg38|gene-NA					
chr15	91963827	91963828	chr15	92098412	92098413	.	.	DEL	sample-445|sv-1|DEL|hg38|gene-NA					
chr6	85607362	85607363	chr6	85645902	85645903	.	.	DEL	sample-526|sv-1|DEL|hg38|gene-NA					
chr2	233563618	233563620	chr2	233599510	233599512	.	.	DEL	sample-400|sv-1|DEL|hg38|gene-NA					
chr5	46363960	46363969	chr5	46364131	46364132	.	.	DEL	sample-400|sv-2|DEL|hg38|gene-NA					
chr2	179609344	179609348	chr2	179610539	179610543	.	.	DEL	sample-1479|sv-1|DEL|hg38|gene-NA					
chr11	16630292	16630293	chr11	16634102	16634103	.	.	DEL	sample-1224|sv-1|DEL|hg38|gene-NA					
chr19	43003242	43004100	chr19	43248797	43249590	.	.	DEL	sample-646|sv-1|DEL|hg38|gene-NA					
chr6	79995519	79995521	chr6	79999476	79999478	.	.	DEL	sample-646|sv-2|DEL|hg38|gene-NA					
chr2	29018841	29018844	chr2	29020284	29020287	.	.	DEL	sample-645|sv-1|DEL|hg38|gene-NA					
chr14	74466431	74466432	chr14	74704154	74704155	.	.	DEL	sample-599|sv-1|DEL|hg38|gene-NA					
chr14	74831881	74831884	chr14	74836810	74836813	.	.	DEL	sample-599|sv-2|DEL|hg38|gene-NA					
chr7	77611026	77611032	chr7	77613489	77613495	.	.	DEL	sample-600|sv-1|DEL|hg38|gene-NA					
chr20	49837285	49837330	chr20	49839428	49839473	.	.	DEL	sample-1064|sv-1|DEL|hg38|gene-NA					
chr3	73109917	73109933	chr3	73109976	73109977	.	.	DEL	sample-335|sv-1|DEL|hg38|gene-NA					
chr10	107906791	107906792	chr10	107937016	107937017	.	.	DEL	sample-580|sv-1|DEL|hg38|gene-NA					
chr6	89855970	89855983	chr6	89856023	89856024	.	.	DEL	sample-978|sv-1|DEL|hg38|gene-NA					
chr3	192311520	192311526	chr3	192316608	192316614	.	.	DEL	sample-198|sv-1|DEL|hg38|gene-NA					
chr7	69799724	69799727	chr7	69802585	69802588	.	.	DEL	sample-197|sv-1|DEL|hg38|gene-NA					
chr20	385300	385319	chr20	386760	386779	.	.	DEL	sample-1066|sv-1|DEL|hg38|gene-NA					
chr16	1978310	1978315	chr16	1978409	1978410	.	.	DEL	sample-1189|sv-1|DEL|hg38|gene-NA					
chr7	130955338	130955341	chr7	130959747	130959750	.	.	DEL	sample-100|sv-1|DEL|hg38|gene-NA					
chr19	7474080	7474106	chr19	7474975	7474976	.	.	DEL	sample-209|sv-1|DEL|hg38|gene-NA					
chr1	153818515	153818530	chr1	153826204	153826219	.	.	DEL	sample-209|sv-2|DEL|hg38|gene-GATAD2B					
chr2	108900477	108900478	chr7	104393346	104393347	.	.	BND	sample-485|sv-1|BND|hg38|gene-EDAR					
chr8	41247094	41247096	chr8	43099522	43099524	.	.	INV	sample-485|sv-2|INV|hg38|gene-NA					
chr17	13615556	13615560	chr18	71484637	71484638	.	.	BND	sample-485|sv-3|BND|hg38|gene-NA					
chr17	13615562	13615563	chr17	13846238	13846239	.	.	INV	sample-485|sv-3|INV|hg38|gene-NA					
chr17	13846234	13846235	chr18	71484631	71484632	.	.	BND	sample-485|sv-3|BND|hg38|gene-NA					
chr18	71484631	71484632	chr17	13846234	13846235	.	.	BND	sample-485|sv-3|BND|hg38|gene-NA					
chr18	71484634	71484638	chr17	13615559	13615560	.	.	BND	sample-485|sv-3|BND|hg38|gene-NA					
chr19	37557541	37557545	chr19	37557668	37557669	.	.	DEL	sample-1330|sv-1|DEL|hg38|gene-NA					
chr16	65708367	65708374	chr16	65713032	65713039	.	.	DUP	sample-1686|sv-1|DUP|hg38|gene-NA					
chr16	65708506	65708509	chr16	65715865	65715868	.	.	DEL	sample-1686|sv-1|DEL|hg38|gene-NA					
chr10	129162519	129162520	chr7	102225310	102225311	.	.	BND	sample-1687|sv-1|BND|hg38|gene-CUX1					
chr10	129249182	129249185	chr7	102178522	102178523	.	.	BND	sample-1687|sv-1|BND|hg38|gene-CUX1					
chr7	102178522	102178525	chr10	129249182	129249183	.	.	BND	sample-1687|sv-1|BND|hg38|gene-CUX1					
chr7	102225310	102225311	chr10	129162519	129162520	.	.	BND	sample-1687|sv-1|BND|hg38|gene-CUX1					
chr7	111176306	111176309	chr7	111341090	111341093	.	.	DUP	sample-1687|sv-2|DUP|hg38|gene-NA					
chr17	39121116	39121129	chr17	39487890	39487903	.	.	DUP	sample-867|sv-1|DUP|hg38|gene-NA					
chr10	97015099	97015101	chr10	97015708	97015709	.	.	DEL	sample-514|sv-1|DEL|hg38|gene-NA					
chr3	58564208	58564209	chr3	58565470	58565471	.	.	DEL	sample-98|sv-1|DEL|hg38|gene-NA					
chrX	5659651	5659652	chrX	5758836	5758837	.	.	DEL	sample-1520|sv-1|DEL|hg38|gene-NA					
chrX	31704392	31704394	chrX	31985122	31985124	.	.	DEL	sample-710|sv-1|DEL|hg38|gene-DMD					
chr5	28592921	28592925	chr5	28688116	28688120	.	.	DEL	sample-1306|sv-1|DEL|hg38|gene-NA					
chr11	121054564	121054568	chr11	121055953	121055957	.	.	DEL	sample-1306|sv-2|DEL|hg38|gene-NA					
chr6	61666489	61666491	chr6	62729913	62729915	.	.	DUP	sample-412|sv-1|DUP|hg38|gene-NA					
chr4	130180394	130180395	chr4	130180487	130180488	.	.	DEL	sample-1631|sv-1|DEL|hg38|gene-NA					
chr7	16169037	16169040	chr7	16215232	16215235	.	.	DEL	sample-1631|sv-2|DEL|hg38|gene-NA					
chr12	37355594	37355601	chr12	37355936	37355937	.	.	DEL	sample-1124|sv-1|DEL|hg38|gene-NA					
chr7	39577930	39577951	chr7	39578049	39578050	.	.	DEL	sample-1231|sv-1|DEL|hg38|gene-NA					
chr15	48796260	48796261	chr15	48805425	48805426	.	.	DEL	sample-1362|sv-1|DEL|hg38|gene-NA					
chr20	14651443	14651444	chr20	14981495	14981496	.	.	DEL	sample-1043|sv-1|DEL|hg38|gene-NA					
chr3	14810449	14810454	chr3	14812474	14812479	.	.	INV	sample-1174|sv-1|INV|hg38|gene-NA					
chr3	14812200	14812200	chr3	14812700	14812700	.	.	INV	sample-1174|sv-1|INV|hg38|gene-NA					
chr5	32553272	32553275	chr13	100382898	100382899	.	.	BND	sample-53|sv-1|BND|hg38|gene-NA					
chr10	132490059	132490061	chr10	132500955	132500957	.	.	DEL	sample-633|sv-1|DEL|hg38|gene-NA					
chr6	15327267	15327269	chr6	15540205	15540207	.	.	DEL	sample-518|sv-1|DEL|hg38|gene-JARID2					
chr5	121303116	121303117	chr5	121304376	121304377	.	.	DEL	sample-1388|sv-1|DEL|hg38|gene-NA					
chrX	674752	674753	chrX	1292824	1292825	.	.	DUP	sample-165|sv-1|DUP|hg38|gene-NA					
chrX	64920018	64920021	chrX	64920111	64920112	.	.	DEL	sample-432|sv-1|DEL|hg38|gene-ZC4H2					
chr19	53927811	53927813	chr19	53930395	53930397	.	.	DUP	sample-1448|sv-1|DUP|hg38|gene-NA					
chr20	14729975	14729977	chr20	15205912	15205914	.	.	DEL	sample-111|sv-1|DEL|hg38|gene-NA					
chr8	31525910	31525911	chr8	31526309	31526310	.	.	DEL	sample-707|sv-1|DEL|hg38|gene-NA					
chr11	94808092	94808102	chr11	94812629	94812639	.	.	INV	sample-965|sv-1|INV|hg38|gene-NA					
chrX	123732190	123732193	chrX	123733050	123733051	.	.	DEL	sample-1457|sv-1|DEL|hg38|gene-NA					
chr19	1369128	1369129	chr19	1369182	1369183	.	.	DEL	sample-1222|sv-1|DEL|hg38|gene-NA					
chr15	97237820	97237823	chr15	97384493	97384496	.	.	DUP	sample-346|sv-1|DUP|hg38|gene-NA					
chr22	29124265	29124267	chr22	29125893	29125895	.	.	DEL	sample-1633|sv-1|DEL|hg38|gene-NA					
chr22	41307058	41307097	chr22	41313203	41313242	.	.	DEL	sample-1633|sv-2|DEL|hg38|gene-NA					
chr2	164980801	164980804	chr2	164998949	164998952	.	.	DUP	sample-1136|sv-1|DUP|hg38|gene-NA					
chr12	4582214	4582219	chr12	4589937	4589942	.	.	DEL	sample-1497|sv-1|DEL|hg38|gene-NA					
chr11	84636133	84636135	chr11	84747926	84747928	.	.	DEL	sample-578|sv-1|DEL|hg38|gene-NA					
chrX	24319831	24319836	chrX	24627470	24627475	.	.	DEL	sample-482|sv-1|DEL|hg38|gene-NA					
chr18	67494322	67494326	chr18	67506064	67506068	.	.	DEL	sample-44|sv-1|DEL|hg38|gene-NA					
chr10	30128068	30128089	chr10	30130800	30130821	.	.	DEL	sample-1239|sv-1|DEL|hg38|gene-NA					
chr19	57681429	57681454	chr19	57681573	57681574	.	.	DEL	sample-1239|sv-2|DEL|hg38|gene-NA					
chr12	39556325	39556328	chr12	39556452	39556453	.	.	DEL	sample-185|sv-1|DEL|hg38|gene-NA					
chr15	59029484	59029488	chr15	59036053	59036057	.	.	DEL	sample-310|sv-1|DEL|hg38|gene-NA					
chr6	104873047	104873051	chr6	105078853	105078857	.	.	DUP	sample-1518|sv-1|DUP|hg38|gene-NA					
chr14	105880792	105880796	chr14	106059990	106059994	.	.	DUP	sample-416|sv-1|DUP|hg38|gene-NA					
chr9	9946561	9946563	chr9	9993678	9993680	.	.	DEL	sample-290|sv-1|DEL|hg38|gene-NA					
chr4	15875744	15875745	chr4	15875809	15875810	.	.	DEL	sample-272|sv-1|DEL|hg38|gene-NA					
chr9	94534511	94534514	chr9	94605930	94605933	.	.	DEL	sample-271|sv-1|DEL|hg38|gene-NA					
chr12	28463250	28463251	chr12	28467342	28467343	.	.	INV	sample-429|sv-1|INV|hg38|gene-NA					
chr12	28464534	28464540	chr12	28466198	28466204	.	.	INV	sample-429|sv-1|INV|hg38|gene-NA					
chr18	14004813	14004850	chr18	14041586	14041623	.	.	DEL	sample-235|sv-1|DEL|hg38|gene-NA					
chr14	83936102	83936108	chr14	83953538	83953544	.	.	DEL	sample-1363|sv-1|DEL|hg38|gene-NA					
chr8	70856745	70856746	chr8	142756245	142756246	.	.	INV	sample-1597|sv-1|INV|hg38|gene-NA					
chrX	33072254	33072257	chrX	33102404	33102407	.	.	DUP	sample-140|sv-1|DUP|hg38|gene-NA					
chr8	126680430	126680432	chr8	126681812	126681814	.	.	DEL	sample-381|sv-1|DEL|hg38|gene-NA					
chr12	121446717	121446718	chr12	121459277	121459278	.	.	DEL	sample-508|sv-1|DEL|hg38|gene-KDM2B					
chr2	77884971	77884976	chr2	77893517	77893522	.	.	DEL	sample-509|sv-1|DEL|hg38|gene-NA					
chr7	70197414	70197420	chr7	70306850	70306856	.	.	DEL	sample-619|sv-1|DEL|hg38|gene-AUTS2					
chr17	44068973	44068981	chr17	44282003	44282011	.	.	DEL	sample-1461|sv-1|DEL|hg38|gene-UBTF					
chr21	17995007	17995008	chr21	17995093	17995094	.	.	DEL	sample-1460|sv-1|DEL|hg38|gene-NA					
chr1	169995276	169995280	chr1	169995335	169995336	.	.	DEL	sample-1421|sv-1|DEL|hg38|gene-NA					
chr5	40539656	40539658	chr5	40539724	40539725	.	.	DEL	sample-857|sv-1|DEL|hg38|gene-NA					
chr17	42394567	42394576	chr17	42395406	42395407	.	.	DEL	sample-1682|sv-1|DEL|hg38|gene-NA					
chr14	88310220	88310221	chr14	88310744	88310745	.	.	DEL	sample-597|sv-1|DEL|hg38|gene-NA					
chr19	3052735	3052748	chr19	3060560	3060573	.	.	DEL	sample-1431|sv-1|DEL|hg38|gene-NA					
chr2	127803309	127803311	chr2	128583514	128583516	.	.	INV	sample-1319|sv-1|INV|hg38|gene-NA					
chr2	127825918	127825925	chr2	127826732	127826739	.	.	INV	sample-1319|sv-1|INV|hg38|gene-NA					
chr2	127826868	127826869	chr2	128608498	128608499	.	.	DEL	sample-1319|sv-1|DEL|hg38|gene-NA					
chr2	127875836	127875841	chr2	128444363	128444368	.	.	DEL	sample-1319|sv-1|DEL|hg38|gene-NA					
chr20	61343044	61343045	chr20	61344261	61344262	.	.	DEL	sample-955|sv-1|DEL|hg38|gene-NA					
chr21	37505916	37505923	chr21	37510303	37510310	.	.	DEL	sample-1429|sv-1|DEL|hg38|gene-DYRK1A					
chrX	23182206	23182208	chrX	23205703	23205705	.	.	DEL	sample-1432|sv-1|DEL|hg38|gene-NA					
chr20	14769818	14769819	chr20	14990904	14990905	.	.	DEL	sample-846|sv-1|DEL|hg38|gene-NA					
chr16	232453	232460	chr16	294349	294356	.	.	DEL	sample-846|sv-2|DEL|hg38|gene-NA					
chr2	30525789	30525794	chr2	30584970	30584975	.	.	DEL	sample-359|sv-1|DEL|hg38|gene-NA					
chr3	194053554	194053557	chr3	194062509	194062512	.	.	DEL	sample-610|sv-1|DEL|hg38|gene-NA					
chr2	229797622	229797623	chr2	229825245	229825246	.	.	DEL	sample-344|sv-1|DEL|hg38|gene-TRIP12					
chr4	35173477	35173478	chr4	35471072	35471073	.	.	DEL	sample-1162|sv-1|DEL|hg38|gene-NA					
chr9	133905097	133905101	chr9	133912842	133912846	.	.	DUP	sample-1368|sv-1|DUP|hg38|gene-NA					
chr6	144025495	144025496	chr6	144562062	144562063	.	.	DEL	sample-1610|sv-1|DEL|hg38|gene-NA					
chr19	35674923	35674933	chr19	35677105	35677115	.	.	DEL	sample-1610|sv-2|DEL|hg38|gene-NA					
chr4	164838147	164838174	chr4	164840342	164840369	.	.	DEL	sample-1606|sv-1|DEL|hg38|gene-NA					
chr9	136425025	136425028	chr9	136425571	136425574	.	.	DUP	sample-1607|sv-1|DUP|hg38|gene-NA					
chr1	2438586	2438589	chr1	2442275	2442278	.	.	DEL	sample-179|sv-1|DEL|hg38|gene-NA					
chr8	130002228	130002229	chr8	130002588	130002589	.	.	DEL	sample-1535|sv-1|DEL|hg38|gene-NA					
chr17	67332358	67333159	chr17	67408078	67408674	.	.	DEL	sample-1302|sv-1|DEL|hg38|gene-PSMD12					
chr7	157705649	157705681	chr7	157705714	157705715	.	.	DEL	sample-1186|sv-1|DEL|hg38|gene-NA					
chr2	28403885	28403887	chr2	28412994	28412996	.	.	DEL	sample-1059|sv-1|DEL|hg38|gene-NA					
chr4	180201050	180201054	chr4	180202796	180202800	.	.	DEL	sample-333|sv-1|DEL|hg38|gene-NA					
chr17	55147628	55147632	chr17	55147694	55147695	.	.	DEL	sample-333|sv-2|DEL|hg38|gene-NA					
chr11	12803727	12803728	chr11	12803798	12803799	.	.	DEL	sample-464|sv-1|DEL|hg38|gene-NA					
chr3	3805388	3805391	chr3	3981431	3981434	.	.	DEL	sample-1299|sv-1|DEL|hg38|gene-NA					
chr16	343437	343442	chr16	343749	343750	.	.	DEL	sample-449|sv-1|DEL|hg38|gene-NA					
chr11	56953346	56953349	chr11	56953950	56953951	.	.	DEL	sample-204|sv-1|DEL|hg38|gene-NA					
chr3	104478895	104478898	chrX	124972166	124972167	.	.	BND	sample-695|sv-1|BND|hg38|gene-NA					
chr9	2361793	2361796	chr9	2415473	2415476	.	.	DEL	sample-1519|sv-1|DEL|hg38|gene-NA					
chr6	132931456	132931462	chr6	132937377	132937383	.	.	DEL	sample-52|sv-1|DEL|hg38|gene-NA					
chr12	7142349	7142354	chr12	7176748	7176753	.	.	DUP	sample-52|sv-2|DUP|hg38|gene-NA					
chr20	14816547	14816548	chr20	15187911	15187912	.	.	DEL	sample-83|sv-1|DEL|hg38|gene-NA					
chr1	56729684	56729688	chr1	56750317	56750321	.	.	DEL	sample-82|sv-1|DEL|hg38|gene-NA					
chr4	186654213	186654215	chr4	186690782	186690784	.	.	DEL	sample-839|sv-1|DEL|hg38|gene-NA					
chr16	71972050	71972051	chr16	71985630	71985631	.	.	INV	sample-1061|sv-1|INV|hg38|gene-NA					
chr16	71976912	71976913	chr16	71985630	71985631	.	.	DEL	sample-1061|sv-1|DEL|hg38|gene-NA					
chr19	16807706	16807709	chr19	16808401	16808402	.	.	DEL	sample-1655|sv-1|DEL|hg38|gene-NA					
chrX	155085785	155085789	chrX	155085898	155085899	.	.	DEL	sample-1655|sv-2|DEL|hg38|gene-NA					
chr11	10460026	10460031	chr11	10460090	10460091	.	.	DEL	sample-1655|sv-3|DEL|hg38|gene-NA					
chr4	141426673	141426674	chr4	141428700	141428701	.	.	DEL	sample-6|sv-1|DEL|hg38|gene-NA					
chr7	626587	626590	chr7	626698	626699	.	.	DEL	sample-1456|sv-1|DEL|hg38|gene-NA					
chr18	6019516	6019517	chr18	6024869	6024870	.	.	DEL	sample-879|sv-1|DEL|hg38|gene-NA					
chr8	54003828	54003830	chr8	86450018	86450020	.	.	INV	sample-738|sv-1|INV|hg38|gene-NA					
chr8	54003881	54003883	chr8	83003703	83003705	.	.	INV	sample-738|sv-1|INV|hg38|gene-NA					
chr8	78057711	78057714	chr8	92862624	92862627	.	.	DEL	sample-738|sv-1|DEL|hg38|gene-NA					
chr8	86450012	86450016	chr8	113173190	113173194	.	.	DUP	sample-738|sv-1|DUP|hg38|gene-NA					
chr8	92862628	92862629	chr8	113173360	113173361	.	.	DEL	sample-738|sv-1|DEL|hg38|gene-NA					
chr2	137174906	137174908	chr2	137183796	137183798	.	.	DUP	sample-134|sv-1|DUP|hg38|gene-NA					
chr10	62520291	62520297	chr10	62526032	62526038	.	.	DEL	sample-796|sv-1|DEL|hg38|gene-NA					
chr15	70812124	70812130	chr15	70894071	70894077	.	.	INV	sample-582|sv-1|INV|hg38|gene-NA					
chr15	70985000	70985000	chr15	71095000	71095000	.	.	INV	sample-582|sv-1|INV|hg38|gene-NA					
chr2	239041934	239041935	chr2	239045898	239045899	.	.	DEL	sample-528|sv-1|DEL|hg38|gene-NA					
chr11	67605470	67605471	chr11	67608164	67608165	.	.	DEL	sample-886|sv-1|DEL|hg38|gene-NA					
chr1	225189085	225189088	chr1	225191095	225191098	.	.	DUP	sample-991|sv-1|DUP|hg38|gene-NA					
chr21	33438535	33438562	chr21	33442658	33442685	.	.	DUP	sample-1609|sv-1|DUP|hg38|gene-NA					
chr22	50485024	50485042	chr22	50485202	50485203	.	.	DEL	sample-1680|sv-1|DEL|hg38|gene-NA					
chr3	7148996	7149016	chr3	7149056	7149057	.	.	DEL	sample-334|sv-1|DEL|hg38|gene-NA					
chr1	166116752	166116753	chr1	166116832	166116833	.	.	DEL	sample-472|sv-1|DEL|hg38|gene-NA					
chr19	13191738	13191749	chr19	13205004	13205015	.	.	DEL	sample-472|sv-2|DEL|hg38|gene-NA					
chr7	154185461	154185464	chr7	154373479	154373482	.	.	DEL	sample-182|sv-1|DEL|hg38|gene-NA					
chr1	244883181	244883187	chr1	244924996	244925002	.	.	DUP	sample-1110|sv-1|DUP|hg38|gene-NA					
chr7	62314992	62315008	chr7	62349195	62349211	.	.	DUP	sample-1108|sv-1|DUP|hg38|gene-NA					
chr12	111545321	111545330	chr12	111578056	111578065	.	.	DEL	sample-1108|sv-2|DEL|hg38|gene-NA					
chr21	23162733	23162735	chr21	23163804	23163806	.	.	DEL	sample-1103|sv-1|DEL|hg38|gene-NA					
chr2	75122318	75122324	chr2	75122793	75122794	.	.	DEL	sample-985|sv-1|DEL|hg38|gene-NA					
chr2	227728408	227728415	chr2	227728492	227728493	.	.	DEL	sample-119|sv-1|DEL|hg38|gene-NA					
chr19	19144085	19144092	chr19	19144417	19144418	.	.	DEL	sample-1006|sv-1|DEL|hg38|gene-NA					
chr19	24333672	24333692	chr19	24335190	24335210	.	.	DEL	sample-1233|sv-1|DEL|hg38|gene-NA					
chr1	103017595	103017597	chr1	103019362	103019364	.	.	DEL	sample-248|sv-1|DEL|hg38|gene-NA					
chr7	62967923	62967945	chr7	62970662	62970684	.	.	DEL	sample-1484|sv-1|DEL|hg38|gene-NA					
chr19	13074854	13074862	chr19	13084231	13084239	.	.	DEL	sample-1138|sv-1|DEL|hg38|gene-NFIX					
chr15	89649295	89649298	chr15	89652059	89652062	.	.	DEL	sample-1018|sv-1|DEL|hg38|gene-NA					
chr7	75926501	75926503	chr7	77381620	77381622	.	.	DEL	sample-786|sv-1|DEL|hg38|gene-NA					
chr14	18420837	18420853	chr14	18421029	18421030	.	.	DEL	sample-1385|sv-1|DEL|hg38|gene-NA					
chr19	54034587	54034588	chr19	54036481	54036482	.	.	DEL	sample-62|sv-1|DEL|hg38|gene-NA					
chr17	17000940	17000944	chr17	17008324	17008328	.	.	DUP	sample-176|sv-1|DUP|hg38|gene-NA					
chr11	112433641	112433643	chr11	112471939	112471941	.	.	DUP	sample-689|sv-1|DUP|hg38|gene-NA					
chr3	51014528	51014533	chr3	51029370	51029375	.	.	DEL	sample-1182|sv-1|DEL|hg38|gene-NA					
chr5	112099540	112099541	chr5	112128519	112128520	.	.	DEL	sample-1258|sv-1|DEL|hg38|gene-NA					
chr12	123521520	123521526	chr12	123524684	123524690	.	.	DEL	sample-203|sv-1|DEL|hg38|gene-NA					
chr4	106652007	106652009	chr4	106652342	106652343	.	.	DEL	sample-687|sv-1|DEL|hg38|gene-NA					
chr3	2303884	2303886	chr3	2551634	2551636	.	.	DEL	sample-475|sv-1|DEL|hg38|gene-NA					
chr18	79222486	79222488	chr18	79224919	79224921	.	.	DUP	sample-831|sv-1|DUP|hg38|gene-NA					
chr11	109092421	109092424	chr11	109175365	109175368	.	.	DEL	sample-1060|sv-1|DEL|hg38|gene-NA					
chr7	2118286	2118289	chr7	2366797	2366800	.	.	DEL	sample-1524|sv-1|DEL|hg38|gene-NA					
chr9	11947962	11947965	chr9	11991909	11991912	.	.	DEL	sample-1525|sv-1|DEL|hg38|gene-NA					
chr7	143987082	143987090	chr7	144019719	144019727	.	.	DEL	sample-1088|sv-1|DEL|hg38|gene-NA					
chr7	156046233	156046234	chr17	47729041	47729042	.	.	BND	sample-1201|sv-1|BND|hg38|gene-NA					
chr10	652055	652721	chr10	1226634	1227368	.	.	DEL	sample-595|sv-1|DEL|hg38|gene-NA					
chr8	4184874	4184876	chr8	4187560	4187562	.	.	DEL	sample-593|sv-1|DEL|hg38|gene-NA					
chr19	31382171	31382179	chr19	31384197	31384205	.	.	DEL	sample-706|sv-1|DEL|hg38|gene-NA					
chr12	99609733	99609737	chr12	99805009	99805013	.	.	DEL	sample-1077|sv-1|DEL|hg38|gene-NA					
chr5	177096485	177096486	chr5	178011305	178011306	.	.	DUP	sample-81|sv-1|DUP|hg38|gene-NA					
chr11	80943923	80943926	chr11	80952574	80952577	.	.	DEL	sample-81|sv-2|DEL|hg38|gene-NA					
chr5	46300605	46300606	chr5	46302455	46302456	.	.	DEL	sample-1283|sv-1|DEL|hg38|gene-NA					
chr5	123930053	123930054	chr7	94621802	94621803	.	.	BND	sample-694|sv-1|BND|hg38|gene-NA					
chr9	95498315	95498316	chr9	95512586	95512587	.	.	DEL	sample-219|sv-1|DEL|hg38|gene-PTCH1					
chr14	50756913	50756914	chr14	50804911	50804912	.	.	DUP	sample-1212|sv-1|DUP|hg38|gene-NA					
chr2	1908194	1908195	chr2	1912474	1912475	.	.	DEL	sample-967|sv-1|DEL|hg38|gene-MYT1L					
chr18	61554681	61554682	chr18	61634830	61634831	.	.	DUP	sample-1360|sv-1|DUP|hg38|gene-NA					
chr6	66269984	66269985	chr6	66289326	66289327	.	.	DEL	sample-363|sv-1|DEL|hg38|gene-NA					
chr16	12186999	12187002	chr16	12189040	12189043	.	.	DEL	sample-1468|sv-1|DEL|hg38|gene-NA					
chr2	133023024	133023026	chr2	133053262	133053264	.	.	DEL	sample-876|sv-1|DEL|hg38|gene-NA					
chr11	55149063	55149079	chr11	55153129	55153145	.	.	DEL	sample-1623|sv-1|DEL|hg38|gene-NA					
chr12	57499852	57499870	chr12	57502979	57502997	.	.	DEL	sample-1623|sv-2|DEL|hg38|gene-NA					
chr3	41231654	41231655	chr3	41234247	41234248	.	.	DEL	sample-1387|sv-1|DEL|hg38|gene-CTNNB1					
chr7	2731010	2731012	chr7	2821376	2821378	.	.	DEL	sample-411|sv-1|DEL|hg38|gene-NA					
chr2	31821866	31821872	chr2	32142804	32142810	.	.	DEL	sample-1025|sv-1|DEL|hg38|gene-NA					
chr3	94702637	94702638	chr3	94702773	94702774	.	.	DEL	sample-150|sv-1|DEL|hg38|gene-NA					
chr5	89778630	89779505	chr5	94803830	94804675	.	.	DEL	sample-1571|sv-1|DEL|hg38|gene-NR2F1					
chr8	1886234	1886238	chr8	2058151	2058155	.	.	DUP	sample-222|sv-1|DUP|hg38|gene-NA					
chr16	63894870	63894871	chr16	63907876	63907877	.	.	DEL	sample-223|sv-1|DEL|hg38|gene-NA					
chr21	28249931	28249949	chr21	28249983	28249984	.	.	DEL	sample-16|sv-1|DEL|hg38|gene-NA					
chr21	17392661	17392668	chr21	17406286	17406293	.	.	DEL	sample-500|sv-1|DEL|hg38|gene-NA					
chr12	76443564	76443576	chr12	76447599	76447611	.	.	DEL	sample-849|sv-1|DEL|hg38|gene-NA					
chr17	58997884	58997885	chr17	59494840	59494841	.	.	DUP	sample-966|sv-1|DUP|hg38|gene-NA					
chr17	58997884	58997885	chr17	59494840	59494841	.	.	DUP	sample-1083|sv-1|DUP|hg38|gene-NA					
chr19	1739422	1739423	chr19	1837011	1837012	.	.	DUP	sample-1397|sv-1|DUP|hg38|gene-NA					
chr10	82273143	82273146	chr10	82310546	82310549	.	.	DUP	sample-226|sv-1|DUP|hg38|gene-NA					
chr1	214481383	214481424	chr1	214481859	214481860	.	.	DEL	sample-1324|sv-1|DEL|hg38|gene-NA					
chr4	145869714	145869719	chr4	145872318	145872323	.	.	DEL	sample-570|sv-1|DEL|hg38|gene-NA					
chr17	20974573	20974574	chr17	20975101	20975102	.	.	DEL	sample-570|sv-2|DEL|hg38|gene-NA					
chr1	88467631	88467644	chr1	88467910	88467911	.	.	DEL	sample-87|sv-1|DEL|hg38|gene-NA					
chr12	128617456	128617458	chr5	163043569	163043570	.	.	BND	sample-341|sv-1|BND|hg38|gene-NA					
chr12	129891098	129891100	chr5	163060612	163060613	.	.	BND	sample-341|sv-1|BND|hg38|gene-NA					
chr5	162747633	162747634	chr5	163043633	163043634	.	.	INV	sample-341|sv-1|INV|hg38|gene-NA					
chr5	163043569	163043571	chr12	128617456	128617457	.	.	BND	sample-341|sv-1|BND|hg38|gene-NA					
chr5	163060611	163060613	chr12	129891099	129891100	.	.	BND	sample-341|sv-1|BND|hg38|gene-NA					
chrX	98052312	98052314	chrX	98052406	98052407	.	.	DEL	sample-658|sv-1|DEL|hg38|gene-NA					
chr11	117010132	117010135	chr11	117037640	117037643	.	.	DEL	sample-541|sv-1|DEL|hg38|gene-NA					
chr2	152672493	152672498	chr2	152713387	152713392	.	.	DUP	sample-174|sv-1|DUP|hg38|gene-NA					
chrX	126725340	126725343	chrX	126726433	126726436	.	.	DEL	sample-175|sv-1|DEL|hg38|gene-NA					
chr7	70315090	70315092	chr7	70584941	70584943	.	.	DEL	sample-146|sv-1|DEL|hg38|gene-NA					
chr19	35066612	35066614	chr19	35069844	35069846	.	.	DEL	sample-146|sv-2|DEL|hg38|gene-NA					
chr8	46891581	46891585	chr8	46904990	46904994	.	.	DUP	sample-1605|sv-1|DUP|hg38|gene-NA					
chr11	55220399	55220420	chr11	55222268	55222289	.	.	DEL	sample-627|sv-1|DEL|hg38|gene-NA					
chr4	80216812	80216814	chr4	80217223	80217224	.	.	DEL	sample-384|sv-1|DEL|hg38|gene-NA					
chr19	45798591	45798603	chr19	45802961	45802973	.	.	DEL	sample-257|sv-1|DEL|hg38|gene-NA					
chr3	23111906	23111910	chr3	25111186	25111190	.	.	DEL	sample-673|sv-1|DEL|hg38|gene-NA					
chr8	25485353	25485354	chr8	25485641	25485642	.	.	DEL	sample-1323|sv-1|DEL|hg38|gene-NA					
chrX	104046093	104046094	chrX	104049417	104049418	.	.	INV	sample-74|sv-1|INV|hg38|gene-NA					
chrX	103987463	103987463	chrX	104045553	104045553	.	.	DUP	sample-74|sv-1|DUP|hg38|gene-NA					
chr14	50948803	50948804	chr14	50948885	50948886	.	.	DEL	sample-776|sv-1|DEL|hg38|gene-NA					
chr4	25715262	25715263	chr4	25731329	25731330	.	.	INV	sample-815|sv-1|INV|hg38|gene-NA					
chr4	25715400	25715400	chr4	25720000	25720000	.	.	INV	sample-815|sv-1|INV|hg38|gene-NA					
chr17	79623208	79623212	chr17	79624730	79624734	.	.	DEL	sample-1159|sv-1|DEL|hg38|gene-NA					
chr10	38291920	38291922	chr10	42815180	42815182	.	.	DUP	sample-386|sv-1|DUP|hg38|gene-NA					
chr7	70520039	70520042	chr7	70786161	70786164	.	.	DUP	sample-1359|sv-1|DUP|hg38|gene-NA					
chr11	125907357	125907378	chr11	125924016	125924037	.	.	DEL	sample-1588|sv-1|DEL|hg38|gene-NA					
chr1	24448595	24448598	chr1	24454528	24454531	.	.	DEL	sample-1004|sv-1|DEL|hg38|gene-NA					
chr4	90748024	90748025	chr4	90767647	90767648	.	.	DEL	sample-1122|sv-1|DEL|hg38|gene-NA					
chr16	345460	345464	chr16	353779	353783	.	.	DUP	sample-1123|sv-1|DUP|hg38|gene-NA					
chr3	188177152	188177153	chr15	95590379	95590380	.	.	BND	sample-1123|sv-2|BND|hg38|gene-NA					
chr3	188177152	188177153	chr15	96038417	96038418	.	.	BND	sample-1123|sv-2|BND|hg38|gene-NA					
chr3	191222194	191222197	chr5	33764770	33764771	.	.	BND	sample-1123|sv-2|BND|hg38|gene-NA					
chr5	33764745	33764747	chr15	96038407	96038408	.	.	BND	sample-1123|sv-2|BND|hg38|gene-NA					
chr5	33764768	33764771	chr3	191222196	191222197	.	.	BND	sample-1123|sv-2|BND|hg38|gene-NA					
chr10	32302715	32302720	chr10	32311796	32311801	.	.	DEL	sample-1102|sv-1|DEL|hg38|gene-NA					
chr19	47614451	47614468	chr19	47827988	47828005	.	.	DEL	sample-975|sv-1|DEL|hg38|gene-BICRA					
chr1	7257395	7257400	chr1	16285835	16285840	.	.	INV	sample-1089|sv-1|INV|hg38|gene-CAMTA1					
chr3	9741516	9741539	chr3	9796273	9796296	.	.	DEL	sample-1563|sv-1|DEL|hg38|gene-ARPC4					
chr11	50507743	50507772	chr11	50517508	50517537	.	.	DUP	sample-133|sv-1|DUP|hg38|gene-NA					
chr19	2156447	2156453	chr19	2156507	2156508	.	.	DEL	sample-801|sv-1|DEL|hg38|gene-NA					
chr16	46407792	46407806	chr16	46413479	46413493	.	.	DEL	sample-589|sv-1|DEL|hg38|gene-NA					
chr3	100527284	100527287	chr3	100529527	100529530	.	.	DEL	sample-314|sv-1|DEL|hg38|gene-NA					
chr6	162366358	162366361	chr6	162422822	162422825	.	.	DEL	sample-1058|sv-1|DEL|hg38|gene-NA					
chr8	126783206	126783208	chr8	126807797	126807799	.	.	DUP	sample-1220|sv-1|DUP|hg38|gene-NA					
chr10	48230818	48230822	chr10	48232389	48232393	.	.	DUP	sample-1107|sv-1|DUP|hg38|gene-NA					
chr3	197604950	197604977	chr3	197824820	197824847	.	.	DUP	sample-1459|sv-1|DUP|hg38|gene-NA					
chr10	21398042	21398051	chr10	21398419	21398420	.	.	DEL	sample-1120|sv-1|DEL|hg38|gene-NA					
chr4	97216477	97216480	chr4	97216547	97216548	.	.	DEL	sample-1117|sv-1|DEL|hg38|gene-NA					
chr7	55458930	55458931	chr7	55458989	55458990	.	.	DEL	sample-1245|sv-1|DEL|hg38|gene-NA					
chr2	227978628	227978656	chr2	227978909	227978910	.	.	DEL	sample-1142|sv-1|DEL|hg38|gene-NA					
chr5	106052057	106052062	chr5	106054735	106054740	.	.	DEL	sample-1608|sv-1|DEL|hg38|gene-NA					
chr17	8812280	8812287	chr17	15725565	15725572	.	.	DEL	sample-1485|sv-1|DEL|hg38|gene-NA					
chr10	102015647	102015651	chr10	102040602	102040606	.	.	DEL	sample-430|sv-1|DEL|hg38|gene-NA					
chr9	104083	104089	chr9	518365	518371	.	.	DEL	sample-302|sv-1|DEL|hg38|gene-NA					
chrX	45008042	45008046	chrX	45012860	45012864	.	.	DEL	sample-1672|sv-1|DEL|hg38|gene-KDM6A					
chr22	17780545	17780547	chr22	20057275	20057277	.	.	DEL	sample-217|sv-2|DEL|hg38|gene-NA					
chr12	24478269	24478270	chr12	24478333	24478334	.	.	DEL	sample-1428|sv-1|DEL|hg38|gene-NA					
chr17	40365347	40365353	chr17	40972259	40972265	.	.	DUP	sample-1428|sv-2|DUP|hg38|gene-NA					
chr11	40252524	40252525	chr11	40415748	40415749	.	.	DEL	sample-621|sv-1|DEL|hg38|gene-NA					
chr19	29857042	29857044	chr19	29857094	29857095	.	.	DEL	sample-590|sv-1|DEL|hg38|gene-NA					
chr3	120475193	120475196	chr3	120478705	120478708	.	.	DEL	sample-554|sv-1|DEL|hg38|gene-NA					
chr7	66319982	66319985	chr7	67640673	67640676	.	.	DEL	sample-554|sv-2|DEL|hg38|gene-NA					
chr5	58254807	58254808	chr5	58254902	58254903	.	.	DEL	sample-666|sv-1|DEL|hg38|gene-NA					
chr4	96707209	96707211	chr4	96707275	96707276	.	.	DEL	sample-305|sv-1|DEL|hg38|gene-NA					
chr11	97507012	97507016	chr11	97508118	97508122	.	.	DEL	sample-1675|sv-1|DEL|hg38|gene-NA					
chr19	36188303	36188309	chr19	36190524	36190530	.	.	DUP	sample-1685|sv-1|DUP|hg38|gene-NA					
chr14	56783921	56783926	chr14	57491667	57491672	.	.	DEL	sample-1437|sv-1|DEL|hg38|gene-OTX2					
chr9	74790701	74790702	chr9	74791666	74791667	.	.	DEL	sample-1437|sv-2|DEL|hg38|gene-NA					
chr12	13725123	13725124	chr12	14742490	14742491	.	.	INV	sample-127|sv-1|INV|hg38|gene-GRIN2B					
chr19	42146733	42146739	chr19	42149014	42149020	.	.	INV	sample-1570|sv-1|INV|hg38|gene-NA					
chr19	42308974	42308977	chr19	49190118	49190121	.	.	DEL	sample-1570|sv-1|DEL|hg38|gene-NA					
chr19	866962	866963	chr19	42311794	42311795	.	.	DUP	sample-1570|sv-1|DUP|hg38|gene-NA					
chr3	90495425	90495450	chr3	90498819	90498844	.	.	DEL	sample-950|sv-1|DEL|hg38|gene-NA					
chr1	27549169	27549172	chr1	27556002	27556005	.	.	DEL	sample-1307|sv-1|DEL|hg38|gene-AHDC1					
chr9	95475577	95475580	chr9	95477446	95477449	.	.	DEL	sample-1671|sv-1|DEL|hg38|gene-PTCH1					
chr2	136714044	136714045	chr2	136714189	136714190	.	.	DEL	sample-825|sv-1|DEL|hg38|gene-NA					
chr1	36550300	36550305	chr1	36551194	36551195	.	.	DEL	sample-1444|sv-1|DEL|hg38|gene-NA					
chr18	36970123	36970126	chr18	36970802	36970803	.	.	DEL	sample-322|sv-1|DEL|hg38|gene-NA					
chr8	138663011	138663015	chr8	138664208	138664212	.	.	DEL	sample-456|sv-1|DEL|hg38|gene-NA					
chr12	37544519	37544523	chr12	37544899	37544900	.	.	DEL	sample-572|sv-1|DEL|hg38|gene-NA					
chr5	104607494	104607497	chr5	104953219	104953222	.	.	DEL	sample-1661|sv-1|DEL|hg38|gene-NA					
chr8	66393037	66393046	chr8	66412095	66412104	.	.	DEL	sample-545|sv-1|DEL|hg38|gene-NA					
chr8	95202551	95202555	chr8	95204455	95204459	.	.	DEL	sample-1068|sv-1|DEL|hg38|gene-NA					
chr6	112282340	112282344	chr6	112293365	112293369	.	.	DEL	sample-718|sv-1|DEL|hg38|gene-NA					
chr11	28018424	28018426	chr11	28018696	28018697	.	.	DEL	sample-718|sv-2|DEL|hg38|gene-NA					
chr16	3412721	3412723	chr16	3674930	3674932	.	.	DUP	sample-602|sv-1|DUP|hg38|gene-NA					
chr16	1340237	1340242	chr16	1363663	1363668	.	.	DEL	sample-451|sv-1|DEL|hg38|gene-NA					
chr9	11909072	11909073	chr9	12100200	12100201	.	.	DEL	sample-101|sv-1|DEL|hg38|gene-NA					
chr12	70875424	70875431	chr12	70880212	70880219	.	.	DEL	sample-1676|sv-1|DEL|hg38|gene-NA					
chr6	55970673	55970676	chr6	55975322	55975325	.	.	DEL	sample-594|sv-2|DEL|hg38|gene-NA					
chr6	55974878	55974881	chr6	55974962	55974965	.	.	INV	sample-594|sv-2|INV|hg38|gene-NA					
chr6	55974959	55974962	chr6	55983455	55983458	.	.	DEL	sample-594|sv-2|DEL|hg38|gene-NA					
chr6	55975332	55975333	chr6	55975439	55975440	.	.	INV	sample-594|sv-2|INV|hg38|gene-NA					
chr13	35295394	35295395	chr13	35744189	35744190	.	.	DEL	sample-594|sv-3|DEL|hg38|gene-NBEA					
chr6	55970673	55970676	chr6	55975322	55975325	.	.	DEL	sample-479|sv-1|DEL|hg38|gene-NA					
chr6	55974878	55974881	chr6	55974962	55974965	.	.	INV	sample-479|sv-1|INV|hg38|gene-NA					
chr6	55974959	55974962	chr6	55983455	55983458	.	.	DEL	sample-479|sv-1|DEL|hg38|gene-NA					
chr6	55975332	55975333	chr6	55975439	55975440	.	.	INV	sample-479|sv-1|INV|hg38|gene-NA					
chr13	35295394	35295395	chr13	35744189	35744190	.	.	DEL	sample-479|sv-2|DEL|hg38|gene-NA					
chr17	46058496	46058496	chr17	46098887	46098887	.	.	DEL	sample-343|sv-1|DEL|hg38|gene-KANSL1					
chr12	45795238	45795241	chr12	52601734	52601737	.	.	INV	sample-471|sv-1|INV|hg38|gene-ARID2					
chr10	125167979	125167981	chr10	125174450	125174452	.	.	DEL	sample-1062|sv-1|DEL|hg38|gene-NA					
chr18	79420819	79420833	chr18	79420944	79420945	.	.	DEL	sample-329|sv-1|DEL|hg38|gene-NA					
chr14	48555819	48555824	chr14	48578883	48578888	.	.	DEL	sample-93|sv-1|DEL|hg38|gene-NA					
chr15	41487394	41487395	chr15	41492125	41492126	.	.	DEL	sample-1546|sv-1|DEL|hg38|gene-NA					
chr2	130901230	130901235	chr2	131013822	131013827	.	.	INV	sample-872|sv-1|INV|hg38|gene-NA					
chr2	130981500	130981500	chr2	131159500	131159500	.	.	INV	sample-872|sv-1|INV|hg38|gene-NA					
chr11	38265905	38265907	chr11	38273600	38273602	.	.	DEL	sample-1469|sv-1|DEL|hg38|gene-NA					
chr17	26682923	26682929	chr17	26686667	26686673	.	.	DUP	sample-132|sv-1|DUP|hg38|gene-NA					
chr11	84486206	84486207	chr11	84516746	84516747	.	.	DEL	sample-852|sv-1|DEL|hg38|gene-NA					
chr6	30769753	30769757	chr6	30774466	30774470	.	.	DEL	sample-397|sv-1|DEL|hg38|gene-NA					
chr5	117882683	117882687	chr5	117889349	117889353	.	.	DEL	sample-399|sv-1|DEL|hg38|gene-NA					
chr5	117889356	117889358	chr5	117892263	117892265	.	.	DEL	sample-399|sv-1|DEL|hg38|gene-NA					
chr5	81143000	81143000	chr5	81193000	81193000	.	.	INV	sample-835|sv-1|INV|hg38|gene-NA					
chr5	81422383	81422384	chr5	81424652	81424653	.	.	INV	sample-835|sv-1|INV|hg38|gene-NA					
chr10	101181201	101181206	chr10	101670527	101670532	.	.	DUP	sample-1285|sv-1|DUP|hg38|gene-NA					
chr2	83646673	83646675	chr2	83647340	83647341	.	.	DEL	sample-799|sv-1|DEL|hg38|gene-NA					
chr4	39536689	39536693	chr4	39539909	39539913	.	.	DEL	sample-1379|sv-1|DEL|hg38|gene-NA					
chr1	201369218	201369219	chr1	203138026	203138027	.	.	DEL	sample-712|sv-1|DEL|hg38|gene-NA					
chr9	11917441	11917442	chr9	12018972	12018973	.	.	DEL	sample-148|sv-1|DEL|hg38|gene-NA					
chr5	11176313	11176316	chr5	11258860	11258863	.	.	DEL	sample-1434|sv-1|DEL|hg38|gene-NA					
chr17	44881159	44881160	chr17	44881958	44881959	.	.	INV	sample-1551|sv-1|INV|hg38|gene-EFTUD2					
chr17	44881706	44881712	chr17	44882832	44882838	.	.	DUP	sample-1551|sv-1|DUP|hg38|gene-EFTUD2					
chr17	44882596	44882597	chr17	44887649	44887650	.	.	INV	sample-1551|sv-1|INV|hg38|gene-EFTUD2					
chr2	163517246	163517250	chr2	163517905	163517909	.	.	INV	sample-1554|sv-1|INV|hg38|gene-NA					
chr3	65384583	65384593	chr3	65384649	65384650	.	.	DEL	sample-97|sv-1|DEL|hg38|gene-NA					
chr6	78801177	78801179	chr6	78805531	78805533	.	.	DEL	sample-1695|sv-1|DEL|hg38|gene-NA					
chr2	31875953	31875954	chr2	32478666	32478667	.	.	DUP	sample-1337|sv-1|DUP|hg38|gene-NA					
chr9	11793506	11793507	chr9	11799526	11799527	.	.	DUP	sample-1337|sv-2|DUP|hg38|gene-NA					
chr11	63534280	63534285	chr11	64085462	64085467	.	.	DUP	sample-1337|sv-3|DUP|hg38|gene-NA					
chr16	72260896	72260900	chr16	72261407	72261408	.	.	DEL	sample-871|sv-1|DEL|hg38|gene-NA					
chr6	126939313	126939315	chr6	126990570	126990572	.	.	DUP	sample-1558|sv-1|DUP|hg38|gene-NA					
chr6	126964304	126964306	chr6	126970546	126970548	.	.	DEL	sample-1558|sv-1|DEL|hg38|gene-NA					
chr19	30198495	30198498	chr19	31403876	31403879	.	.	DUP	sample-513|sv-1|DUP|hg38|gene-NA					
chr1	36063532	36063536	chr1	36069394	36069398	.	.	DEL	sample-744|sv-1|DEL|hg38|gene-NA					
chr4	73168314	73168315	chr4	73168409	73168410	.	.	DEL	sample-940|sv-1|DEL|hg38|gene-NA					
chr12	30334717	30334722	chr12	30338892	30338897	.	.	DEL	sample-210|sv-1|DEL|hg38|gene-NA					
chr17	7416934	7416939	chr17	7423872	7423877	.	.	DEL	sample-606|sv-1|DEL|hg38|gene-NA					
chr6	117257578	117257582	chr6	117262721	117262725	.	.	DEL	sample-951|sv-1|DEL|hg38|gene-NA					
chr8	6401988	6402001	chr8	6413888	6413901	.	.	DEL	sample-1065|sv-1|DEL|hg38|gene-NA					
chr7	5102534	5102535	chr7	5102657	5102658	.	.	DEL	sample-350|sv-1|DEL|hg38|gene-NA					
chr1	2034490	2034496	chr1	2034954	2034955	.	.	DEL	sample-1270|sv-1|DEL|hg38|gene-NA					
chr8	70212786	70212787	chr8	70412118	70412119	.	.	DUP	sample-256|sv-1|DUP|hg38|gene-NA					
chr7	146661405	146661407	chr7	146667332	146667334	.	.	DEL	sample-1370|sv-1|DEL|hg38|gene-NA					
chr12	116044497	116044498	chr12	116148670	116148671	.	.	DUP	sample-660|sv-1|DUP|hg38|gene-NA					
chr1	235541323	235541326	chr1	235545030	235545033	.	.	DEL	sample-1019|sv-1|DEL|hg38|gene-NA					
chr14	34458914	34458915	chr14	34459719	34459720	.	.	INV	sample-1131|sv-1|INV|hg38|gene-NA					
chr2	125183928	125183929	chr15	27300501	27300502	.	.	BND	sample-163|sv-1|BND|hg38|gene-NA					
chr7	82644020	82644023	chr7	82650084	82650087	.	.	DEL	sample-47|sv-1|DEL|hg38|gene-NA					
chr16	44351	44354	chr16	99095	99098	.	.	DUP	sample-1160|sv-1|DUP|hg38|gene-NA					
chr3	90457986	90458024	chr3	90459856	90459894	.	.	DEL	sample-926|sv-1|DEL|hg38|gene-NA					
chr9	11908737	11908738	chr9	12153422	12153423	.	.	DEL	sample-926|sv-2|DEL|hg38|gene-NA					
chrX	134386666	134386706	chrX	134402244	134402284	.	.	DEL	sample-202|sv-1|DEL|hg38|gene-PHF6					
chr14	77743899	77743900	chr14	77753469	77753470	.	.	DEL	sample-1541|sv-1|DEL|hg38|gene-NA					
chr8	25457694	25457695	chr8	25712517	25712518	.	.	DEL	sample-1179|sv-1|DEL|hg38|gene-NA					
chr6	16842554	16842557	chr6	16842623	16842624	.	.	DEL	sample-715|sv-1|DEL|hg38|gene-NA					
chr1	28998023	28998024	chr1	28999284	28999285	.	.	DEL	sample-845|sv-1|DEL|hg38|gene-NA					
chr20	42570306	42570310	chr20	42961660	42961664	.	.	DEL	sample-845|sv-2|DEL|hg38|gene-NA					
chr7	139324296	139324335	chr7	139325917	139325956	.	.	DEL	sample-353|sv-1|DEL|hg38|gene-NA					
chr17	81547147	81547151	chr17	81547310	81547311	.	.	DEL	sample-827|sv-1|DEL|hg38|gene-NA					
chr6	129908478	129908482	chr6	129909648	129909652	.	.	DEL	sample-700|sv-1|DEL|hg38|gene-NA					
chr6	141100362	141100363	chr6	141103436	141103437	.	.	DEL	sample-1411|sv-1|DEL|hg38|gene-NA					
chr1	202081216	202081238	chr1	202084218	202084240	.	.	DEL	sample-1559|sv-1|DEL|hg38|gene-NA					
chr5	77932080	77932082	chr5	77935696	77935698	.	.	DEL	sample-221|sv-1|DEL|hg38|gene-NA					
chr1	18951649	18951654	chr1	18951843	18951844	.	.	DEL	sample-142|sv-1|DEL|hg38|gene-NA					
chr1	49289248	49289249	chr1	49330807	49330808	.	.	DEL	sample-352|sv-1|DEL|hg38|gene-NA					
chr16	30592455	30592458	chr16	30652532	30652535	.	.	DEL	sample-474|sv-1|DEL|hg38|gene-NA					
chr16	30388613	30388616	chr16	30585914	30585917	.	.	DEL	sample-474|sv-2|DEL|hg38|gene-NA					
chr6	166689893	166689895	chr6	166700364	166700366	.	.	DEL	sample-1656|sv-1|DEL|hg38|gene-NA					
chr19	6922064	6922065	chr19	6924746	6924747	.	.	DEL	sample-1678|sv-1|DEL|hg38|gene-NA					
chr7	21113436	21113437	chr7	21113667	21113668	.	.	DEL	sample-698|sv-1|DEL|hg38|gene-NA					
chr7	131965372	131965373	chr7	131967157	131967158	.	.	DUP	sample-1636|sv-1|DUP|hg38|gene-NA					
chr13	98033687	98033693	chr13	98039414	98039420	.	.	DEL	sample-1522|sv-1|DEL|hg38|gene-NA					
chr8	86842726	86842728	chr8	86850191	86850193	.	.	INV	sample-70|sv-1|INV|hg38|gene-NA					
chr8	86842868	86842873	chr8	86846666	86846671	.	.	INV	sample-70|sv-1|INV|hg38|gene-NA					
chr8	86846704	86846705	chr8	86851244	86851245	.	.	DUP	sample-70|sv-1|DUP|hg38|gene-NA					
chr4	147131006	147131008	chr4	147133506	147133508	.	.	DEL	sample-184|sv-1|DEL|hg38|gene-NA					
chr10	15104786	15104792	chr10	15115999	15116005	.	.	DEL	sample-184|sv-2|DEL|hg38|gene-NA					
chr4	189803322	189803334	chr4	189803421	189803422	.	.	DEL	sample-306|sv-1|DEL|hg38|gene-NA					
chr6	63542404	63542406	chr6	63579938	63579940	.	.	INV	sample-308|sv-1|INV|hg38|gene-NA					
chr6	63543014	63543015	chr6	63573782	63573783	.	.	INV	sample-308|sv-1|INV|hg38|gene-NA					
chr5	126573743	126573758	chr5	126573906	126573907	.	.	DEL	sample-360|sv-1|DEL|hg38|gene-NA					
chr6	169849607	169849613	chr6	169849673	169849674	.	.	DEL	sample-360|sv-2|DEL|hg38|gene-NA					
chr1	170776540	170776541	chr1	170778374	170778375	.	.	DEL	sample-741|sv-1|DEL|hg38|gene-NA					
chr11	57638728	57638729	chr11	57638863	57638864	.	.	DEL	sample-737|sv-1|DEL|hg38|gene-NA					
chr6	122472605	122472607	chr6	122491166	122491168	.	.	DEL	sample-380|sv-1|DEL|hg38|gene-NA					
chr5	104901706	104901707	chr5	104902987	104902988	.	.	DEL	sample-510|sv-1|DEL|hg38|gene-NA					
chr9	21385489	21385496	chr9	21386801	21386808	.	.	DEL	sample-725|sv-1|DEL|hg38|gene-NA					
chr19	8937850	8937866	chr19	8938012	8938013	.	.	DEL	sample-1125|sv-1|DEL|hg38|gene-NA					
chr6	122915722	122915725	chr6	122954879	122954882	.	.	DEL	sample-1235|sv-1|DEL|hg38|gene-NA					
chr9	96435048	96435053	chr9	96436343	96436348	.	.	DUP	sample-250|sv-1|DUP|hg38|gene-NA					
chr9	96435318	96435321	chr9	96436348	96436351	.	.	DEL	sample-250|sv-1|DEL|hg38|gene-NA					
chr12	129455703	129455704	chr12	129460995	129460996	.	.	DEL	sample-250|sv-2|DEL|hg38|gene-NA					
chr15	86948750	86948751	chr15	86949360	86949361	.	.	DEL	sample-637|sv-1|DEL|hg38|gene-NA					
chr1	49071340	49071344	chr1	49081107	49081111	.	.	DEL	sample-522|sv-1|DEL|hg38|gene-NA					
chr7	61799256	61799278	chr7	61799600	61799601	.	.	DEL	sample-525|sv-1|DEL|hg38|gene-NA					
chrX	30920731	30920740	chrX	30920945	30920946	.	.	DEL	sample-525|sv-2|DEL|hg38|gene-NA					
chrX	30921093	30921097	chrX	30923299	30923303	.	.	DEL	sample-525|sv-2|DEL|hg38|gene-NA					
chr19	46870828	46870829	chr19	46920313	46920314	.	.	DUP	sample-1578|sv-1|DUP|hg38|gene-NA					
chr2	70310835	70310837	chr2	70318869	70318871	.	.	DEL	sample-1578|sv-2|DEL|hg38|gene-NA					
chr1	87987056	87987061	chr1	87995054	87995059	.	.	INV	sample-8|sv-1|INV|hg38|gene-NA					
chr1	87991042	87991047	chr1	87994802	87994807	.	.	INV	sample-8|sv-1|INV|hg38|gene-NA					
chr18	39730903	39730907	chr18	39732966	39732970	.	.	DEL	sample-1348|sv-1|DEL|hg38|gene-NA					
chr5	121675717	121675722	chr5	121680359	121680364	.	.	DEL	sample-1111|sv-1|DEL|hg38|gene-NA					
chr19	16472756	16472758	chr19	16783264	16783266	.	.	DEL	sample-1111|sv-2|DEL|hg38|gene-NA					
chrX	147302757	147302760	chrX	147302985	147302986	.	.	DEL	sample-1221|sv-1|DEL|hg38|gene-NA					
chr6	31084627	31084634	chr6	31281188	31281195	.	.	DUP	sample-989|sv-1|DUP|hg38|gene-NA					
chr7	7236917	7236924	chr7	7237013	7237014	.	.	DEL	sample-640|sv-1|DEL|hg38|gene-NA					
chr7	19829145	19829148	chr7	19832646	19832649	.	.	DEL	sample-640|sv-2|DEL|hg38|gene-NA					
chrX	41751594	41752471	chrX	41771015	41771939	.	.	DUP	sample-1376|sv-1|DUP|hg38|gene-NA					
chr11	68014174	68014175	chr11	68018084	68018085	.	.	DEL	sample-39|sv-1|DEL|hg38|gene-NA					
chr3	12434061	12434065	chr3	12760265	12760269	.	.	DUP	sample-263|sv-1|DUP|hg38|gene-NA					
chr11	7940487	7940488	chr11	7942634	7942635	.	.	DEL	sample-263|sv-2|DEL|hg38|gene-NA					
chr19	34250488	34250496	chr19	34250787	34250788	.	.	DEL	sample-151|sv-1|DEL|hg38|gene-NA					
chr2	50960087	50960089	chr2	51002516	51002518	.	.	DEL	sample-398|sv-1|DEL|hg38|gene-NA					
chr20	29287250	29287277	chr20	29292037	29292064	.	.	DUP	sample-517|sv-1|DUP|hg38|gene-NA					
chr10	94092649	94092660	chr10	94092845	94092846	.	.	DEL	sample-758|sv-2|DEL|hg38|gene-NA					
chr3	90620796	90620807	chr3	90621818	90621829	.	.	DEL	sample-757|sv-1|DEL|hg38|gene-NA					
chr2	147974930	147974933	chr2	148081783	148081786	.	.	DEL	sample-988|sv-1|DEL|hg38|gene-NA					
chr9	124983441	124983444	chr9	125026592	125026595	.	.	DEL	sample-988|sv-2|DEL|hg38|gene-NA					
chr12	73986420	73986424	chr12	74166497	74166501	.	.	DEL	sample-988|sv-3|DEL|hg38|gene-NA					
chr7	54270242	54270246	chr7	54271014	54271015	.	.	DEL	sample-1600|sv-1|DEL|hg38|gene-NA					
chr11	133669243	133669246	chr11	133930840	133930843	.	.	DUP	sample-512|sv-1|DUP|hg38|gene-NA					
chr11	133862931	133862933	chr11	133863018	133863019	.	.	DEL	sample-512|sv-2|DEL|hg38|gene-NA					
chr17	7184585	7184587	chr17	7190664	7190666	.	.	DEL	sample-378|sv-1|DEL|hg38|gene-NA					
chr15	51438642	51438644	chr15	51646873	51646875	.	.	DEL	sample-136|sv-1|DEL|hg38|gene-NA					
chr11	35599250	35599255	chr11	35615650	35615655	.	.	DUP	sample-749|sv-1|DUP|hg38|gene-NA					
chr19	23686356	23686357	chr19	23765990	23765991	.	.	DEL	sample-750|sv-1|DEL|hg38|gene-NA					
chr19	41083315	41083316	chr19	41267069	41267070	.	.	DUP	sample-908|sv-1|DUP|hg38|gene-NA					
chr10	95895612	95895654	chr10	95895671	95895672	.	.	DEL	sample-1375|sv-1|DEL|hg38|gene-NA					
chr6	13067066	13067104	chr6	13069666	13069704	.	.	DEL	sample-1373|sv-1|DEL|hg38|gene-NA					
chr2	8443457	8443460	chr2	8444390	8444391	.	.	DEL	sample-534|sv-1|DEL|hg38|gene-NA					
chr2	8444369	8444372	chr2	8445748	8445751	.	.	DEL	sample-534|sv-1|DEL|hg38|gene-NA					
chr3	140472999	140473003	chr3	140477624	140477628	.	.	DEL	sample-415|sv-1|DEL|hg38|gene-NA					
chr5	175392084	175392087	chr5	175675889	175675892	.	.	DEL	sample-1638|sv-1|DEL|hg38|gene-NA					
chr10	71181624	71181630	chr10	71184394	71184400	.	.	DEL	sample-298|sv-1|DEL|hg38|gene-NA					
chr1	172799959	172799969	chr1	172800039	172800040	.	.	DEL	sample-299|sv-1|DEL|hg38|gene-NA					
chr2	210424041	210424045	chr2	210425428	210425432	.	.	DEL	sample-268|sv-1|DEL|hg38|gene-NA					
chr5	94221019	94221024	chr5	94470583	94470588	.	.	DEL	sample-1252|sv-1|DEL|hg38|gene-NA					
chr18	71424485	71424486	chr18	72204351	72204352	.	.	DEL	sample-533|sv-1|DEL|hg38|gene-NA					
chr1	14966413	14966418	chr1	14970549	14970554	.	.	DEL	sample-206|sv-1|DEL|hg38|gene-NA					
chr12	110624856	110624865	chr12	110624968	110624969	.	.	DEL	sample-1244|sv-1|DEL|hg38|gene-NA					
chr7	127365322	127365324	chr7	128290606	128290608	.	.	DEL	sample-1243|sv-1|DEL|hg38|gene-NA					
chr12	49466794	49466797	chr12	49476839	49476842	.	.	DEL	sample-906|sv-1|DEL|hg38|gene-NA					
chr13	98630889	98630897	chr13	98631420	98631421	.	.	DEL	sample-1026|sv-1|DEL|hg38|gene-NA					
chr19	52831550	52831555	chr19	52837413	52837418	.	.	DEL	sample-1492|sv-1|DEL|hg38|gene-NA					
chr17	39617983	39617985	chr17	39621283	39621285	.	.	DEL	sample-1589|sv-1|DEL|hg38|gene-NA					
chrX	103196406	103196409	chrX	103306147	103306150	.	.	DUP	sample-788|sv-1|DUP|hg38|gene-NA					
chr7	29678891	29678893	chr7	29685295	29685297	.	.	DEL	sample-549|sv-1|DEL|hg38|gene-NA					
chr13	28202374	28202381	chr13	28206262	28206269	.	.	DEL	sample-632|sv-1|DEL|hg38|gene-NA					
chr12	105690015	105690019	chr12	105704782	105704786	.	.	DEL	sample-1503|sv-1|DEL|hg38|gene-NA					
chr6	65378203	65378216	chr6	65392491	65392504	.	.	DEL	sample-1624|sv-1|DEL|hg38|gene-NA					
chr10	57348140	57348142	chr10	57348219	57348220	.	.	DEL	sample-1389|sv-1|DEL|hg38|gene-NA					
chr2	204877665	204877668	chr2	204952079	204952082	.	.	DEL	sample-42|sv-1|DEL|hg38|gene-NA					
chr12	122022228	122022231	chr12	122403322	122403325	.	.	DEL	sample-43|sv-1|DEL|hg38|gene-NA					
chr18	21234738	21234751	chr18	21235963	21235976	.	.	DEL	sample-547|sv-1|DEL|hg38|gene-NA					
chr11	118758194	118758195	chr11	118761876	118761877	.	.	DEL	sample-57|sv-1|DEL|hg38|gene-NA					
chr16	75392232	75392265	chr16	75396366	75396399	.	.	DEL	sample-1510|sv-1|DEL|hg38|gene-NA					
chr3	70906085	70906087	chr3	70906182	70906183	.	.	DEL	sample-1508|sv-1|DEL|hg38|gene-NA					
chr9	98537583	98537586	chr9	98544547	98544550	.	.	DEL	sample-1271|sv-1|DEL|hg38|gene-NA					
chr14	31185009	31185012	chr14	31185884	31185885	.	.	DEL	sample-1271|sv-2|DEL|hg38|gene-NA					
chr7	5391957	5391960	chr7	5858924	5858927	.	.	INV	sample-1266|sv-1|INV|hg38|gene-NA					
chr7	5589000	5589000	chr7	6075000	6075000	.	.	INV	sample-1266|sv-1|INV|hg38|gene-NA					
chrX	134764638	134764647	chrX	134764695	134764696	.	.	DEL	sample-1037|sv-1|DEL|hg38|gene-NA					
chr5	139552857	139552859	chr5	139571974	139571976	.	.	INV	sample-934|sv-1|INV|hg38|gene-NA					
chr5	139739000	139739000	chr5	139740000	139740000	.	.	INV	sample-934|sv-1|INV|hg38|gene-NA					
chr20	29849620	29849653	chr20	29851328	29851361	.	.	DEL	sample-1621|sv-1|DEL|hg38|gene-NA					
chr20	63088103	63088104	chr20	63089817	63089818	.	.	DEL	sample-784|sv-1|DEL|hg38|gene-NA					
chr4	145324064	145324067	chr4	145324964	145324965	.	.	DEL	sample-819|sv-1|DEL|hg38|gene-NA					
chr1	944156	944160	chr1	964980	964984	.	.	DEL	sample-1047|sv-1|DEL|hg38|gene-NA					
chr10	21331084	21331088	chr10	33777758	33777762	.	.	INV	sample-1169|sv-1|INV|hg38|gene-NA					
chr10	21332831	21332835	chr10	33777771	33777775	.	.	INV	sample-1169|sv-1|INV|hg38|gene-NA					
chr1	45990734	45990773	chr1	46009302	46009341	.	.	DEL	sample-561|sv-1|DEL|hg38|gene-NA					
chr7	116405146	116405169	chr7	116425028	116425051	.	.	DUP	sample-561|sv-2|DUP|hg38|gene-NA					
chr1	52777479	52777480	chr1	53043225	53043226	.	.	INV	sample-1499|sv-1|INV|hg38|gene-NA					
chr1	52922679	52922682	chr1	53770745	53770748	.	.	INV	sample-1499|sv-1|INV|hg38|gene-NA					
chr1	53906066	53906068	chr1	53998676	53998678	.	.	DEL	sample-1499|sv-2|DEL|hg38|gene-NA					
chrX	153432753	153432757	chrX	153433028	153433029	.	.	DEL	sample-1498|sv-1|DEL|hg38|gene-NA					
chr10	128102907	128102911	chr10	128103175	128103176	.	.	DEL	sample-65|sv-1|DEL|hg38|gene-NA					
chr13	36544927	36544930	chr13	36548352	36548355	.	.	DEL	sample-65|sv-2|DEL|hg38|gene-NA					
chr15	99653726	99653727	chr15	99677733	99677734	.	.	DUP	sample-1637|sv-1|DUP|hg38|gene-NA					
chr10	122731497	122731498	chr10	126331436	126331437	.	.	DEL	sample-1405|sv-1|DEL|hg38|gene-NA					
chr20	62024808	62024818	chr20	62095787	62095797	.	.	DEL	sample-920|sv-1|DEL|hg38|gene-NA					
chr5	132902176	132902177	chr5	132904804	132904805	.	.	INV	sample-917|sv-1|INV|hg38|gene-NA					
chr5	132902100	132902100	chr5	132904200	132904200	.	.	INV	sample-917|sv-1|INV|hg38|gene-NA					
chr5	173673387	173673392	chr5	173681434	173681439	.	.	DEL	sample-1036|sv-1|DEL|hg38|gene-NA					
chr2	228010870	228010874	chr2	228015173	228015177	.	.	INV	sample-149|sv-1|INV|hg38|gene-NA					
chr2	228012913	228012916	chr2	228013002	228013005	.	.	INV	sample-149|sv-1|INV|hg38|gene-NA					
chr2	54328162	54328164	chr2	54335646	54335648	.	.	DEL	sample-1482|sv-1|DEL|hg38|gene-NA					
chr1	50187120	50187123	chr1	50445928	50445931	.	.	DUP	sample-1371|sv-1|DUP|hg38|gene-NA					
chrX	2244040	2244043	chrX	2248979	2248982	.	.	DEL	sample-787|sv-1|DEL|hg38|gene-NA					
chr4	187723173	187723198	chr4	187723322	187723323	.	.	DEL	sample-952|sv-1|DEL|hg38|gene-NA					
chr3	6781028	6781033	chr3	6781085	6781086	.	.	DEL	sample-181|sv-1|DEL|hg38|gene-NA					
chr17	26711692	26711711	chr17	26714425	26714444	.	.	DEL	sample-1056|sv-1|DEL|hg38|gene-NA					
chr16	86480470	86480474	chr16	86497591	86497595	.	.	DEL	sample-584|sv-1|DEL|hg38|gene-NA					
chr11	69673381	69673383	chr1	230458487	230458488	.	.	BND	sample-467|sv-1|BND|hg38|gene-NA					
chr11	69733804	69733805	chr1	229738119	229738120	.	.	BND	sample-467|sv-1|BND|hg38|gene-NA					
chr1	229738119	229738120	chr11	69733804	69733805	.	.	BND	sample-467|sv-1|BND|hg38|gene-NA					
chr1	230458486	230458488	chr11	69673382	69673383	.	.	BND	sample-467|sv-1|BND|hg38|gene-NA					
chr11	69963851	69963852	chr11	70024340	70024341	.	.	DUP	sample-467|sv-2|DUP|hg38|gene-NA					
chr3	105168038	105168039	chr3	119803925	119803926	.	.	DEL	sample-211|sv-1|DEL|hg38|gene-chr3q_14mb_loss					
chr7	79616687	79616697	chr7	79616787	79616788	.	.	DEL	sample-1424|sv-1|DEL|hg38|gene-NA					
chr17	32832172	32832185	chr17	32832367	32832368	.	.	DEL	sample-711|sv-1|DEL|hg38|gene-NA					
chr1	155425500	155425506	chr1	155451783	155451789	.	.	DEL	sample-564|sv-1|DEL|hg38|gene-ASH1L					
chr14	94430155	94430156	chr14	94430704	94430705	.	.	DEL	sample-670|sv-1|DEL|hg38|gene-NA					
chr14	26727110	26727111	chr14	26735199	26735200	.	.	DEL	sample-1471|sv-1|DEL|hg38|gene-NA					
chr1	1562464	1562484	chr1	1562541	1562542	.	.	DEL	sample-771|sv-1|DEL|hg38|gene-NA					
chr15	96172341	96172347	chr15	96176552	96176558	.	.	DEL	sample-10|sv-1|DEL|hg38|gene-NA					
chr9	74100490	74100498	chr9	77026809	77026817	.	.	DUP	sample-634|sv-1|DUP|hg38|gene-NA					
chr9	74273856	74273860	chr9	76771256	76771260	.	.	DEL	sample-634|sv-1|DEL|hg38|gene-NA					
chr8	8504571	8504575	chr8	8504677	8504678	.	.	DEL	sample-1347|sv-1|DEL|hg38|gene-NA					
chr8	8504571	8504575	chr8	8504677	8504678	.	.	DEL	sample-1349|sv-1|DEL|hg38|gene-NA					
chr21	40529635	40529636	chr21	40815846	40815847	.	.	DUP	sample-139|sv-1|DUP|hg38|gene-NA					
chr9	116755105	116755107	chr9	116786700	116786702	.	.	DEL	sample-868|sv-1|DEL|hg38|gene-NA					
chr3	55645915	55645916	chr3	55683872	55683873	.	.	DEL	sample-623|sv-1|DEL|hg38|gene-NA					
chr16	73775504	73775512	chr16	73775604	73775605	.	.	DEL	sample-623|sv-2|DEL|hg38|gene-NA					
chr20	10302372	10302373	chr4	18517632	18517633	.	.	BND	sample-622|sv-1|BND|hg38|gene-NA					
chr20	10302549	10302550	chr20	13775485	13775486	.	.	INV	sample-622|sv-1|INV|hg38|gene-NA					
chr20	13770072	13770075	chr4	16880517	16880518	.	.	BND	sample-622|sv-1|BND|hg38|gene-NA					
chr20	13776052	13776055	chr4	17173337	17173338	.	.	BND	sample-622|sv-1|BND|hg38|gene-NA					
chr20	13776074	13776078	chr4	18346174	18346175	.	.	BND	sample-622|sv-1|BND|hg38|gene-NA					
chr20	8725801	8725803	chr20	8737962	8737964	.	.	DEL	sample-622|sv-1|DEL|hg38|gene-NA					
chr20	9067392	9067394	chr4	18456216	18456217	.	.	BND	sample-622|sv-1|BND|hg38|gene-NA					
chr20	9102015	9102018	chr20	9674278	9674281	.	.	INV	sample-622|sv-1|INV|hg38|gene-NA					
chr20	9674193	9674194	chr4	18452617	18452618	.	.	BND	sample-622|sv-1|BND|hg38|gene-NA					
chr4	16880515	16880518	chr20	13770074	13770075	.	.	BND	sample-622|sv-1|BND|hg38|gene-NA					
chr4	16880524	16880526	chr4	23741772	23741774	.	.	INV	sample-622|sv-1|INV|hg38|gene-NA					
chr4	17173159	17173160	chr4	23741713	23741714	.	.	INV	sample-622|sv-1|INV|hg38|gene-NA					
chr4	17173337	17173340	chr20	13776052	13776053	.	.	BND	sample-622|sv-1|BND|hg38|gene-NA					
chr4	18346174	18346178	chr20	13776074	13776075	.	.	BND	sample-622|sv-1|BND|hg38|gene-NA					
chr4	18452617	18452618	chr20	9674193	9674194	.	.	BND	sample-622|sv-1|BND|hg38|gene-NA					
chr4	18456216	18456218	chr20	9067392	9067393	.	.	BND	sample-622|sv-1|BND|hg38|gene-NA					
chr4	18517632	18517633	chr20	10302372	10302373	.	.	BND	sample-622|sv-1|BND|hg38|gene-NA					
chr5	129804673	129804674	chr5	129806102	129806103	.	.	DEL	sample-622|sv-2|DEL|hg38|gene-NA					
chr12	90798	90799	chr12	411822	411823	.	.	DUP	sample-642|sv-1|DUP|hg38|gene-NA					
chr17	7672129	7672157	chr17	7672848	7672849	.	.	DEL	sample-643|sv-1|DEL|hg38|gene-NA					
chr20	14917935	14917940	chr20	15207497	15207502	.	.	DEL	sample-1377|sv-1|DEL|hg38|gene-NA					
chr20	14917935	14917940	chr20	15207497	15207502	.	.	DEL	sample-1378|sv-1|DEL|hg38|gene-NA					
chr5	146108915	146108919	chr5	146108998	146108999	.	.	DEL	sample-41|sv-1|DEL|hg38|gene-NA					
chr14	62874718	62874719	chr14	62876153	62876154	.	.	DEL	sample-896|sv-1|DEL|hg38|gene-NA					
chr12	45847713	45847714	chr12	45849463	45849464	.	.	DEL	sample-1213|sv-1|DEL|hg38|gene-ARID2					
chr18	7945371	7945378	chr18	7945474	7945475	.	.	DEL	sample-383|sv-1|DEL|hg38|gene-NA					
chr11	24734309	24734310	chr11	24785543	24785544	.	.	DUP	sample-1591|sv-1|DUP|hg38|gene-NA					
chr13	25131847	25131851	chr13	25132114	25132115	.	.	DEL	sample-1470|sv-1|DEL|hg38|gene-NA					
chr1	99955832	99955833	chr1	99959155	99959156	.	.	DEL	sample-836|sv-1|DEL|hg38|gene-NA					
chr3	162593805	162593806	chr3	162669796	162669797	.	.	DEL	sample-1420|sv-1|DEL|hg38|gene-NA					
chr4	9894411	9894412	chr4	9894521	9894522	.	.	DEL	sample-1420|sv-2|DEL|hg38|gene-NA					
chr11	31048785	31048786	chr11	31138073	31138074	.	.	DUP	sample-1667|sv-1|DUP|hg38|gene-NA					
chr7	92029114	92029117	chr7	92030381	92030384	.	.	DEL	sample-1074|sv-1|DEL|hg38|gene-NA					
chr17	7764727	7764750	chr17	7945603	7945626	.	.	DEL	sample-1193|sv-1|DEL|hg38|gene-CHD3;KDM6B					
chr6	72635359	72635361	chr6	72636282	72636283	.	.	DEL	sample-821|sv-1|DEL|hg38|gene-NA					
chr18	3197562	3198107	chr18	3523287	3524112	.	.	DEL	sample-935|sv-1|DEL|hg38|gene-TGIF1					
chr19	43405171	43405176	chr19	43420201	43420206	.	.	INV	sample-937|sv-1|INV|hg38|gene-NA					
chr9	136729711	136729715	chr9	137173144	137173148	.	.	INV	sample-1038|sv-1|INV|hg38|gene-NA					
chr9	137224000	137224000	chr9	137643000	137643000	.	.	INV	sample-1038|sv-1|INV|hg38|gene-NA					
chr2	229773371	229773376	chr2	229805743	229805748	.	.	DUP	sample-332|sv-1|DUP|hg38|gene-NA					
chr4	1260836	1260838	chr4	1407114	1407116	.	.	INV	sample-443|sv-1|INV|hg38|gene-NA					
chr4	940340	940345	chr4	941557	941562	.	.	INV	sample-443|sv-1|INV|hg38|gene-NA					
chr4	940740	940741	chr4	1220087	1220088	.	.	INV	sample-443|sv-1|INV|hg38|gene-NA					
chr4	973737	973739	chr4	1717212	1717214	.	.	INV	sample-443|sv-1|INV|hg38|gene-NA					
chr2	2264991	2264995	chr2	2358515	2358519	.	.	DEL	sample-177|sv-1|DEL|hg38|gene-MYT1L					
chr4	44207062	44207065	chr4	44216420	44216423	.	.	DEL	sample-78|sv-1|DEL|hg38|gene-NA					
chr8	57242446	57242448	chr8	57244955	57244957	.	.	DEL	sample-1647|sv-1|DEL|hg38|gene-NA					
chr16	20340208	20340212	chr16	21021118	21021122	.	.	DEL	sample-1419|sv-1|DEL|hg38|gene-NA					
chr10	54399095	54399099	chr10	54420311	54420315	.	.	DEL	sample-930|sv-1|DEL|hg38|gene-NA					
chr8	3100745	3100746	chr8	3312339	3312340	.	.	DEL	sample-460|sv-1|DEL|hg38|gene-NA					
chr11	122636205	122636208	chr11	122639812	122639815	.	.	DEL	sample-1073|sv-1|DEL|hg38|gene-NA					
chr16	13137419	13137420	chr16	13139115	13139116	.	.	DEL	sample-1315|sv-1|DEL|hg38|gene-NA					
chr11	105867621	105867623	chr11	106018302	106018304	.	.	DEL	sample-927|sv-1|DEL|hg38|gene-NA					
chr7	3032232	3032234	chr7	3033320	3033322	.	.	DEL	sample-1677|sv-1|DEL|hg38|gene-NA					
chr15	34228876	34228904	chr15	34284462	34284490	.	.	DEL	sample-702|sv-1|DEL|hg38|gene-NA					
chr2	218307843	218307844	chr2	218309593	218309594	.	.	DEL	sample-171|sv-1|DEL|hg38|gene-NA					
chr6	139587522	139587528	chr6	139621775	139621781	.	.	DUP	sample-1512|sv-1|DUP|hg38|gene-NA					
chr11	103033628	103033630	chr11	103181965	103181967	.	.	DEL	sample-309|sv-1|DEL|hg38|gene-NA					
chr8	144916794	144916795	chr8	144918000	144918001	.	.	DEL	sample-556|sv-1|DEL|hg38|gene-NA					
chrX	41684992	41684994	chrX	41749262	41749264	.	.	DEL	sample-427|sv-1|DEL|hg38|gene-CASK					
chr7	70533063	70533064	chr7	70569284	70569285	.	.	DEL	sample-663|sv-1|DEL|hg38|gene-NA					
chrX	23387185	23387189	chrX	23401888	23401892	.	.	DEL	sample-785|sv-1|DEL|hg38|gene-PTCHD1					
chr9	86171302	86171322	chr9	86172593	86172613	.	.	DUP	sample-902|sv-1|DUP|hg38|gene-NA					
chr17	31169247	31169251	chr17	31171702	31171706	.	.	INV	sample-1502|sv-1|INV|hg38|gene-NA					
chr4	55006072	55006076	chr4	55014115	55014119	.	.	DEL	sample-1543|sv-1|DEL|hg38|gene-NA					
chr4	53017721	53017724	chr4	53019741	53019744	.	.	DEL	sample-1543|sv-2|DEL|hg38|gene-NA					
chr13	63840637	63840663	chr13	63841269	63841270	.	.	DEL	sample-410|sv-1|DEL|hg38|gene-NA					
chr3	139188107	139188149	chr3	139190307	139190349	.	.	DEL	sample-1614|sv-1|DEL|hg38|gene-NA					
chr1	2960675	2960682	chr1	2960744	2960745	.	.	DEL	sample-1246|sv-1|DEL|hg38|gene-NA					
chrX	44590066	44590084	chrX	44591939	44591957	.	.	DUP	sample-550|sv-1|DUP|hg38|gene-NA					
chrX	22771467	22771474	chrX	22773296	22773303	.	.	DEL	sample-1276|sv-1|DEL|hg38|gene-NA					
chr6	60351067	60351070	chr6	60351161	60351162	.	.	DEL	sample-1514|sv-1|DEL|hg38|gene-NA					
chr2	42166197	42166198	chr2	42168145	42168146	.	.	DEL	sample-1513|sv-1|DEL|hg38|gene-NA					
chr20	14975227	14975229	chr20	15269331	15269333	.	.	DEL	sample-63|sv-1|DEL|hg38|gene-NA					
chr15	48468040	48468041	chr15	48468396	48468397	.	.	DEL	sample-164|sv-1|DEL|hg38|gene-FBN1					
chr18	41962028	41962029	chr18	41962187	41962188	.	.	DEL	sample-161|sv-1|DEL|hg38|gene-NA					
chr1	160335693	160335698	chr1	160337094	160337099	.	.	DEL	sample-1483|sv-1|DEL|hg38|gene-NA					
chr5	111375921	111375922	chr5	111382936	111382937	.	.	DEL	sample-531|sv-1|DEL|hg38|gene-NA					
chr7	39985612	39985618	chr7	40111241	40111247	.	.	DEL	sample-280|sv-1|DEL|hg38|gene-NA					
chrX	133385901	133385902	chrX	133386077	133386078	.	.	DEL	sample-34|sv-1|DEL|hg38|gene-NA					
chr17	72391748	72391749	chr17	72391877	72391878	.	.	DEL	sample-1538|sv-1|DEL|hg38|gene-NA					
chr3	135638521	135638530	chr3	135640261	135640270	.	.	DEL	sample-86|sv-1|DEL|hg38|gene-NA					
chr3	163818760	163818764	chr3	163820786	163820790	.	.	DEL	sample-196|sv-1|DEL|hg38|gene-NA					
chr8	117815843	117815861	chr8	117867172	117867190	.	.	DUP	sample-317|sv-1|DUP|hg38|gene-NA					
chr16	84125107	84125109	chr16	84125447	84125449	.	.	DUP	sample-321|sv-1|DUP|hg38|gene-NA					
chr6	43067590	43067604	chr6	43068269	43068270	.	.	DEL	sample-807|sv-1|DEL|hg38|gene-NA					
chr10	778341	778351	chr10	778415	778416	.	.	DEL	sample-924|sv-1|DEL|hg38|gene-NA					
chr12	76123148	76123153	chr12	76129511	76129516	.	.	DEL	sample-1287|sv-1|DEL|hg38|gene-NA					
chr9	108409208	108409212	chr9	108412425	108412429	.	.	DEL	sample-1118|sv-1|DEL|hg38|gene-NA					
chr20	14351309	14351312	chr20	14701374	14701377	.	.	DEL	sample-434|sv-1|DEL|hg38|gene-NA					
chr16	84403429	84403432	chr16	84404603	84404606	.	.	DEL	sample-1022|sv-1|DEL|hg38|gene-NA					
chr10	93527386	93527387	chrX	141343813	141343814	.	.	BND	sample-1249|sv-1|BND|hg38|gene-MECP2					
chrX	141343813	141343814	chr10	93527386	93527387	.	.	BND	sample-1249|sv-1|BND|hg38|gene-MECP2					
chr2	165337823	165337828	chr2	165342948	165342953	.	.	DEL	sample-878|sv-1|DEL|hg38|gene-SCN2A					
chr12	83508779	83508780	chr12	83510429	83510430	.	.	DEL	sample-1374|sv-1|DEL|hg38|gene-NA					
chr14	53036640	53036641	chr14	53037726	53037727	.	.	DEL	sample-521|sv-1|DEL|hg38|gene-NA					
chr4	107685454	107685456	chr4	107685664	107685665	.	.	DEL	sample-270|sv-1|DEL|hg38|gene-NA					
chr5	36987866	36987868	chr5	36992611	36992613	.	.	DEL	sample-1005|sv-1|DEL|hg38|gene-NA					
chrX	71236056	71236085	chrX	71236909	71236910	.	.	DEL	sample-1206|sv-1|DEL|hg38|gene-NA					
chr2	1987749	1987752	chr4	171259622	171259623	.	.	BND	sample-651|sv-1|BND|hg38|gene-NA					
chr2	1987751	1987754	chr4	165708716	165708717	.	.	BND	sample-651|sv-1|BND|hg38|gene-NA					
chr4	165708645	165708647	chr4	171910164	171910166	.	.	DEL	sample-651|sv-1|DEL|hg38|gene-NA					
chr4	165708714	165708717	chr2	1987753	1987754	.	.	BND	sample-651|sv-1|BND|hg38|gene-NA					
chr4	171259620	171259623	chr2	1987751	1987752	.	.	BND	sample-651|sv-1|BND|hg38|gene-NA					
chr4	171914725	171914728	chr4	171967937	171967940	.	.	DEL	sample-651|sv-1|DEL|hg38|gene-NA					
chr3	1860973	1860979	chr3	1876630	1876636	.	.	DEL	sample-652|sv-1|DEL|hg38|gene-NA					
chr11	82362285	82362328	chr11	82362463	82362464	.	.	DEL	sample-1603|sv-1|DEL|hg38|gene-NA					
chrX	119540960	119540969	chrX	119545807	119545816	.	.	DUP	sample-1195|sv-1|DUP|hg38|gene-NA					
chr8	3271823	3271849	chr8	3286716	3286742	.	.	DEL	sample-1613|sv-1|DEL|hg38|gene-NA					
chr16	11280436	11280445	chr16	11309269	11309278	.	.	DEL	sample-925|sv-1|DEL|hg38|gene-NA					
chr6	107248422	107248425	chr6	107248497	107248498	.	.	DEL	sample-154|sv-1|DEL|hg38|gene-NA					
chr20	42533369	42533374	chr20	42602068	42602073	.	.	DEL	sample-273|sv-1|DEL|hg38|gene-NA					
chr22	46455256	46455258	chr22	46455778	46455779	.	.	DEL	sample-275|sv-1|DEL|hg38|gene-NA					
chr22	46477366	46477367	chr22	46481469	46481470	.	.	DEL	sample-275|sv-2|DEL|hg38|gene-NA					
chr7	150057848	150057858	chr7	150059079	150059089	.	.	DEL	sample-1458|sv-1|DEL|hg38|gene-NA					
chr10	9042948	9042952	chr10	9052120	9052124	.	.	DEL	sample-371|sv-1|DEL|hg38|gene-NA					
chr7	33555176	33555178	chr7	33562336	33562338	.	.	DEL	sample-770|sv-1|DEL|hg38|gene-NA					
chr22	16273433	16273442	chr22	16274799	16274808	.	.	DEL	sample-770|sv-2|DEL|hg38|gene-NA					
chr19	47685422	47686200	chr19	47720736	47721623	.	.	DEL	sample-36|sv-1|DEL|hg38|gene-NA					
chr18	74164132	74164136	chr18	74171859	74171863	.	.	DEL	sample-1250|sv-1|DEL|hg38|gene-NA					
chr4	150683295	150683296	chr4	150860025	150860026	.	.	DUP	sample-1251|sv-1|DUP|hg38|gene-NA					
chrX	97335329	97335333	chrX	97505262	97505266	.	.	DUP	sample-1251|sv-2|DUP|hg38|gene-NA					
chr9	32282890	32282895	chr9	32287249	32287254	.	.	DEL	sample-1147|sv-1|DEL|hg38|gene-NA					
chr18	7908454	7908455	chr18	8212734	8212735	.	.	DEL	sample-50|sv-1|DEL|hg38|gene-NA					
chr15	61576897	61576902	chr15	61578084	61578089	.	.	DEL	sample-639|sv-1|DEL|hg38|gene-NA					
chr19	44189062	44189064	chr19	44191320	44191322	.	.	DEL	sample-516|sv-1|DEL|hg38|gene-NA					
chrX	68919203	68919204	chrX	69580930	69580931	.	.	DUP	sample-611|sv-1|DUP|hg38|gene-EDA					
chrX	69382510	69382516	chrX	69759917	69759923	.	.	INV	sample-611|sv-1|INV|hg38|gene-EDA					
chr4	80972549	80972550	chr4	81006738	81006739	.	.	DEL	sample-736|sv-1|DEL|hg38|gene-NA					
chr11	13388530	13388532	chr11	13389358	13389359	.	.	DEL	sample-25|sv-1|DEL|hg38|gene-NA					
chr12	132563937	132563939	chrX	753278	753279	.	.	BND	sample-641|sv-1|BND|hg38|gene-NA					
chrX	753278	753280	chr12	132563937	132563938	.	.	BND	sample-641|sv-1|BND|hg38|gene-NA					
chr21	26007684	26007689	chr21	26014078	26014083	.	.	DEL	sample-1367|sv-1|DEL|hg38|gene-NA					
chr2	229661267	229661271	chr2	229784359	229784363	.	.	DEL	sample-709|sv-1|DEL|hg38|gene-TRIP12					
chr6	154840609	154840612	chr6	155038691	155038694	.	.	DUP	sample-945|sv-1|DUP|hg38|gene-NA					
chr1	147028358	147028361	chr1	147060373	147060376	.	.	INV	sample-987|sv-1|INV|hg38|gene-NA					
chr1	147041359	147041363	chr1	147060401	147060405	.	.	INV	sample-987|sv-1|INV|hg38|gene-NA					
chr16	556744	556748	chr16	562166	562170	.	.	DEL	sample-1219|sv-1|DEL|hg38|gene-NA					
chr4	174724088	174724089	chr4	174755274	174755275	.	.	INV	sample-993|sv-1|INV|hg38|gene-NA					
chr4	174750379	174750380	chr4	174767425	174767426	.	.	INV	sample-993|sv-1|INV|hg38|gene-NA					
chr6	31818145	31818173	chr6	31819361	31819389	.	.	DEL	sample-997|sv-1|DEL|hg38|gene-NA					
chr12	118576254	118576261	chr12	118576340	118576341	.	.	DEL	sample-1490|sv-1|DEL|hg38|gene-NA					
chr9	116745865	116745869	chr9	116769172	116769176	.	.	DEL	sample-1009|sv-1|DEL|hg38|gene-NA					
chr6	162470913	162470915	chr6	162610608	162610610	.	.	DEL	sample-1369|sv-1|DEL|hg38|gene-NA					
chr2	189049113	189049114	chr2	189049732	189049733	.	.	DEL	sample-523|sv-1|DEL|hg38|gene-COL5A2					
chr5	107237037	107237040	chr5	107285482	107285485	.	.	DEL	sample-1354|sv-1|DEL|hg38|gene-NA					
chr15	22798350	22798354	chr15	22838384	22838388	.	.	DEL	sample-1355|sv-1|DEL|hg38|gene-NA					
chr12	116511	116516	chr16	7422536	7422537	.	.	BND	sample-1620|sv-1|BND|hg38|gene-NA					
chr4	76251687	76251692	chr4	76253660	76253665	.	.	DEL	sample-1620|sv-2|DEL|hg38|gene-NA					
chr7	67202000	67202000	chr7	72610400	72610400	.	.	INV	sample-1620|sv-3|INV|hg38|gene-NA					
chr7	67471626	67471630	chr7	72938716	72938720	.	.	INV	sample-1620|sv-3|INV|hg38|gene-NA					
chr15	96847757	96847758	chr15	96847814	96847815	.	.	DEL	sample-1496|sv-1|DEL|hg38|gene-NA					
chr5	104354043	104354044	chr5	104354281	104354282	.	.	DEL	sample-1487|sv-1|DEL|hg38|gene-NA					
chr18	55229313	55229314	chr18	55240086	55240087	.	.	DEL	sample-885|sv-1|DEL|hg38|gene-TCF4					
chr20	61792899	61792923	chr20	61793215	61793216	.	.	DEL	sample-648|sv-2|DEL|hg38|gene-NA					
chr4	123179111	123179115	chr4	123192575	123192579	.	.	INV	sample-66|sv-1|INV|hg38|gene-NA					
chr4	123179203	123179205	chr4	123194073	123194075	.	.	INV	sample-66|sv-1|INV|hg38|gene-NA					
chr4	188798885	188798890	chr4	188836892	188836897	.	.	DUP	sample-66|sv-2|DUP|hg38|gene-NA					
chr7	74655653	74655656	chr7	74658552	74658555	.	.	DEL	sample-297|sv-1|DEL|hg38|gene-NA					
chr12	88340728	88340733	chr12	88360543	88360548	.	.	DUP	sample-300|sv-1|DUP|hg38|gene-NA					
chr4	57218390	57218391	chr4	57222082	57222083	.	.	DEL	sample-431|sv-1|DEL|hg38|gene-NA					
chr17	48690430	48690434	chr17	48695187	48695191	.	.	DEL	sample-433|sv-1|DEL|hg38|gene-NA					
chr10	102232403	102232420	chr10	102252060	102252077	.	.	DEL	sample-1493|sv-1|DEL|hg38|gene-NA					
chr12	32138073	32138074	chr12	32139835	32139836	.	.	DEL	sample-1493|sv-2|DEL|hg38|gene-NA					
chr4	73133940	73133944	chr4	73135408	73135412	.	.	DEL	sample-912|sv-1|DEL|hg38|gene-ANKRD17					
chr12	90024245	90024249	chr12	90030351	90030355	.	.	DEL	sample-1049|sv-1|DEL|hg38|gene-NA					
chr3	98280529	98280534	chr3	98284253	98284258	.	.	DUP	sample-1044|sv-1|DUP|hg38|gene-NA					
chr3	98280803	98280804	chr3	98284264	98284265	.	.	DEL	sample-1044|sv-1|DEL|hg38|gene-NA					
chr8	2339098	2339118	chr8	2382610	2382630	.	.	INV	sample-923|sv-1|INV|hg38|gene-NA					
chr15	89571489	89571496	chr15	89717220	89717227	.	.	DEL	sample-1648|sv-1|DEL|hg38|gene-NA					
chr1	113235460	113235461	chr1	113247694	113247695	.	.	DUP	sample-1392|sv-1|DUP|hg38|gene-NA					
chr12	22523318	22523319	chr12	23845607	23845608	.	.	INV	sample-440|sv-1|INV|hg38|gene-SOX5					
chr3	128476392	128476394	chr3	128478584	128478586	.	.	DEL	sample-320|sv-1|DEL|hg38|gene-NA					
chr3	191643650	191643651	chr3	191645834	191645835	.	.	INV	sample-808|sv-1|INV|hg38|gene-NA					
chr3	191645000	191645000	chr3	193157124	193157124	.	.	INV	sample-808|sv-1|INV|hg38|gene-NA					
chr17	28221605	28221613	chr17	28222940	28222948	.	.	DEL	sample-684|sv-1|DEL|hg38|gene-NA					
chr6	13037477	13037477	chr6	13127918	13127918	.	.	DUP	sample-288|sv-1|DUP|hg38|gene-NA					
chr3	70385125	70385126	chr3	70987454	70987455	.	.	DEL	sample-679|sv-1|DEL|hg38|gene-FOXP1					
chr20	4614060	4614064	chr20	4614358	4614359	.	.	DEL	sample-916|sv-1|DEL|hg38|gene-NA					
chr2	70264412	70264420	chr2	70265288	70265289	.	.	DEL	sample-803|sv-1|DEL|hg38|gene-NA					
chr6	42203664	42203665	chr8	70399226	70399227	.	.	BND	sample-804|sv-1|BND|hg38|gene-ZFHX4					
chr6	42203672	42203673	chr8	70399672	70399673	.	.	BND	sample-804|sv-1|BND|hg38|gene-ZFHX4					
chr6	51009964	51009969	chr8	73221263	73221264	.	.	BND	sample-804|sv-1|BND|hg38|gene-ZFHX4					
chr6	51010004	51010006	chr8	70399682	70399683	.	.	BND	sample-804|sv-1|BND|hg38|gene-ZFHX4					
chr8	70399211	70399213	chr8	70607517	70607519	.	.	DEL	sample-804|sv-1|DEL|hg38|gene-ZFHX4					
chr8	70399226	70399227	chr6	42203664	42203665	.	.	BND	sample-804|sv-1|BND|hg38|gene-ZFHX4					
chr8	70399672	70399673	chr6	42203672	42203673	.	.	BND	sample-804|sv-1|BND|hg38|gene-ZFHX4					
chr8	70399681	70399683	chr6	51010005	51010006	.	.	BND	sample-804|sv-1|BND|hg38|gene-ZFHX4					
chr8	70607513	70607514	chr8	76074044	76074045	.	.	DEL	sample-804|sv-1|DEL|hg38|gene-ZFHX4					
chr8	73116772	73116776	chr8	76761453	76761457	.	.	INV	sample-804|sv-1|INV|hg38|gene-ZFHX4					
chr8	73116773	73116775	chr8	73221247	73221249	.	.	INV	sample-804|sv-1|INV|hg38|gene-ZFHX4					
chr8	73221263	73221268	chr6	51009964	51009965	.	.	BND	sample-804|sv-1|BND|hg38|gene-ZFHX4					
chr8	76074033	76074035	chr8	76761445	76761447	.	.	INV	sample-804|sv-1|INV|hg38|gene-ZFHX4					
chr6	27493411	27493413	chr6	27494124	27494125	.	.	DEL	sample-1523|sv-1|DEL|hg38|gene-NA					
chr18	80176872	80176882	chr18	80177444	80177445	.	.	DEL	sample-914|sv-1|DEL|hg38|gene-NA					
chr2	147966171	147966172	chr2	148076112	148076113	.	.	DEL	sample-1516|sv-1|DEL|hg38|gene-NA					
chr9	135261948	135261979	chr9	135262022	135262023	.	.	DEL	sample-1170|sv-1|DEL|hg38|gene-NA					
chrX	31741184	31741185	chrX	31852328	31852329	.	.	DUP	sample-936|sv-1|DUP|hg38|gene-NA					
chrX	119140122	119140124	chrX	120530609	120530611	.	.	INV	sample-692|sv-1|INV|hg38|gene-CUL4B					
chrX	119140127	119140128	chrX	124425129	124425130	.	.	DUP	sample-692|sv-1|DUP|hg38|gene-CUL4B					
chr19	55358409	55358411	chr19	55368892	55368894	.	.	DEL	sample-1202|sv-1|DEL|hg38|gene-NA					
chr8	54069421	54069423	chr8	54069505	54069506	.	.	DEL	sample-1293|sv-1|DEL|hg38|gene-NA					
chr3	185748910	185748914	chr3	185751324	185751328	.	.	DUP	sample-1158|sv-1|DUP|hg38|gene-NA					
chr14	37283967	37283995	chr14	37284593	37284594	.	.	DEL	sample-1154|sv-1|DEL|hg38|gene-NA					
chr11	70559093	70559103	chr11	70564333	70564343	.	.	DEL	sample-1260|sv-1|DEL|hg38|gene-NA					
chr8	73376557	73376558	chr8	73377369	73377370	.	.	DEL	sample-1033|sv-1|DEL|hg38|gene-NA					
chr9	106871725	106871726	chr9	106973264	106973265	.	.	DEL	sample-1129|sv-1|DEL|hg38|gene-ZNF462					
chr12	131780014	131780022	chr12	132285164	132285172	.	.	DEL	sample-1501|sv-1|DEL|hg38|gene-NA					
chr3	164328639	164328643	chr3	164333869	164333873	.	.	DEL	sample-54|sv-1|DEL|hg38|gene-NA					
chr3	57188559	57188562	chr3	57188610	57188611	.	.	DEL	sample-283|sv-1|DEL|hg38|gene-NA					
chr2	70908081	70908082	chr2	70913366	70913367	.	.	INV	sample-38|sv-1|INV|hg38|gene-NA					
chr2	86781442	86781446	chr2	86783165	86783169	.	.	DEL	sample-293|sv-1|DEL|hg38|gene-NA					
chrX	1666488	1666496	chrX	1666829	1666830	.	.	DEL	sample-294|sv-1|DEL|hg38|gene-NA					
chr13	111129978	111129979	chr13	111132307	111132308	.	.	DEL	sample-173|sv-1|DEL|hg38|gene-NA					
chr2	49086263	49086266	chr2	49129141	49129144	.	.	DEL	sample-307|sv-1|DEL|hg38|gene-NA					
chr14	101996403	101996409	chr14	101999642	101999648	.	.	DEL	sample-437|sv-1|DEL|hg38|gene-DYNC1H1					
chr21	23422777	23422783	chr21	23429094	23429100	.	.	DEL	sample-794|sv-1|DEL|hg38|gene-NA					
chr19	35717000	35717000	chr19	35717500	35717500	.	.	INV	sample-910|sv-1|INV|hg38|gene-KMT2B					
chr19	35717451	35717455	chr19	35725608	35725612	.	.	INV	sample-910|sv-1|INV|hg38|gene-KMT2B					
chr10	22759603	22759606	chr10	23267545	23267548	.	.	DUP	sample-892|sv-1|DUP|hg38|gene-NA					
chr6	26427637	26427640	chr6	26428370	26428371	.	.	DEL	sample-291|sv-1|DEL|hg38|gene-NA					
chr1	62966790	62966791	chr1	62966954	62966955	.	.	DEL	sample-338|sv-1|DEL|hg38|gene-NA					
chr8	74185582	74185585	chr8	74190433	74190436	.	.	DEL	sample-338|sv-2|DEL|hg38|gene-NA					
chr2	39312496	39312499	chr2	39312562	39312563	.	.	DEL	sample-1630|sv-1|DEL|hg38|gene-NA					
chr7	111697386	111697387	chr7	111697585	111697586	.	.	DEL	sample-919|sv-1|DEL|hg38|gene-NA					
chr12	87868553	87868554	chr12	87869939	87869940	.	.	DUP	sample-655|sv-1|DUP|hg38|gene-NA					
chr22	20041922	20041922	chr22	20074442	20074442	.	.	DEL	sample-775|sv-1|DEL|hg38|gene-TANGO2					
chr19	1230399	1230402	chr19	1886279	1886282	.	.	DUP	sample-1390|sv-1|DUP|hg38|gene-NA					
chr19	32256563	32256564	chr19	32354332	32354333	.	.	DUP	sample-1390|sv-2|DUP|hg38|gene-NA					
chr19	46405829	46405833	chr19	54293318	54293322	.	.	INV	sample-1390|sv-3|INV|hg38|gene-NA					
chr19	48504266	48504271	chr19	56456386	56456391	.	.	INV	sample-1390|sv-3|INV|hg38|gene-NA					
chr2	48654218	48654219	chr2	48684091	48684092	.	.	DEL	sample-1494|sv-1|DEL|hg38|gene-NA					
chr3	95762555	95762556	chrX	124794153	124794154	.	.	BND	sample-1618|sv-1|BND|hg38|gene-NA					
chr11	50523226	50523248	chr11	50524994	50525016	.	.	DUP	sample-1247|sv-1|DUP|hg38|gene-NA					
chr2	68329484	68329486	chr2	68331181	68331183	.	.	DEL	sample-1148|sv-1|DEL|hg38|gene-NA					
chr22	50176064	50176069	chr22	50485089	50485094	.	.	DUP	sample-1254|sv-1|DUP|hg38|gene-NA					
chr8	8984088	8984123	chr8	10231032	10231067	.	.	DUP	sample-1011|sv-1|DUP|hg38|gene-NA					
chr15	101312964	101312969	chr15	101437604	101437609	.	.	DEL	sample-1010|sv-1|DEL|hg38|gene-NA					
chr2	68049008	68049011	chr2	68064791	68064794	.	.	DUP	sample-143|sv-1|DUP|hg38|gene-NA					
chr5	71664505	71664530	chr5	71668438	71668463	.	.	DEL	sample-29|sv-1|DEL|hg38|gene-NA					
chr20	50903701	50903705	chr20	50909416	50909420	.	.	DEL	sample-29|sv-2|DEL|hg38|gene-ADNP					
chrX	20390	20398	chrX	20441	20442	.	.	DEL	sample-1128|sv-1|DEL|hg38|gene-NA					
chr6	13068441	13068442	chr6	13073928	13073929	.	.	DEL	sample-1008|sv-1|DEL|hg38|gene-NA					
chr16	82263165	82263169	chr16	82263413	82263414	.	.	DEL	sample-1013|sv-1|DEL|hg38|gene-NA					
chr2	144658714	144658715	chr2	144660863	144660864	.	.	DEL	sample-769|sv-1|DEL|hg38|gene-NA					
chr17	81956126	81956129	chr17	81968852	81968855	.	.	DUP	sample-1039|sv-1|DUP|hg38|gene-NA					
chr1	70460276	70460279	chr1	70460337	70460338	.	.	DEL	sample-1216|sv-1|DEL|hg38|gene-NA					
chr8	8721672	8721697	chr8	8721746	8721747	.	.	DEL	sample-1217|sv-1|DEL|hg38|gene-NA					
chr19	20660663	20660666	chr19	21158199	21158202	.	.	DEL	sample-881|sv-1|DEL|hg38|gene-NA					
chr8	6545622	6545624	chr8	6567822	6567824	.	.	DEL	sample-1227|sv-1|DEL|hg38|gene-NA					
chr13	20007808	20007809	chr13	20045008	20045009	.	.	DEL	sample-1227|sv-2|DEL|hg38|gene-NA					
chr10	66493028	66493029	chr10	66564203	66564204	.	.	DEL	sample-1356|sv-1|DEL|hg38|gene-NA					
chr6	149818494	149818499	chr6	149819010	149819011	.	.	DEL	sample-884|sv-1|DEL|hg38|gene-NA					
chr11	100663190	100663192	chr11	100665358	100665360	.	.	INV	sample-767|sv-1|INV|hg38|gene-NA					
chr11	100663379	100663384	chr11	100664384	100664389	.	.	INV	sample-767|sv-1|INV|hg38|gene-NA					
chr18	15236405	15236447	chr18	15236549	15236550	.	.	DEL	sample-1480|sv-1|DEL|hg38|gene-NA					
chr22	21733245	21733246	chr22	23340429	23340430	.	.	INV	sample-1364|sv-1|INV|hg38|gene-NA					
chr22	22207179	22207184	chr22	23339455	23339460	.	.	INV	sample-1364|sv-1|INV|hg38|gene-NA					
chr22	23231679	23231682	chr22	23340962	23340965	.	.	DUP	sample-1364|sv-1|DUP|hg38|gene-NA					
chr22	36140632	36140640	chr22	36703524	36703532	.	.	INV	sample-1364|sv-2|INV|hg38|gene-NA					
chr22	36653009	36653013	chr22	38140501	38140505	.	.	INV	sample-1364|sv-2|INV|hg38|gene-NA					
chr6	7652150	7652151	chr6	7654977	7654978	.	.	DEL	sample-1240|sv-2|DEL|hg38|gene-NA					
chr5	142306689	142306690	chr5	142307689	142307690	.	.	DEL	sample-26|sv-1|DEL|hg38|gene-NA					
chr14	93096816	93096818	chr14	93097926	93097928	.	.	DEL	sample-1157|sv-1|DEL|hg38|gene-NA					
chr2	184869872	184869873	chr2	184869924	184869925	.	.	DEL	sample-1381|sv-1|DEL|hg38|gene-NA					
chr3	140891576	140891578	chr3	140897762	140897764	.	.	DEL	sample-1383|sv-1|DEL|hg38|gene-NA					
chr2	229772269	229772272	chr2	229799068	229799071	.	.	DEL	sample-45|sv-1|DEL|hg38|gene-TRIP12					
chr21	45187025	45187028	chr21	45222378	45222381	.	.	INV	sample-402|sv-1|INV|hg38|gene-NA					
chr21	45190139	45190141	chr21	45296048	45296050	.	.	INV	sample-402|sv-1|INV|hg38|gene-NA					
chr19	16569236	16569240	chr19	16576828	16576832	.	.	DEL	sample-402|sv-2|DEL|hg38|gene-NA					
chr2	52046756	52046757	chr2	52116096	52116097	.	.	DEL	sample-515|sv-1|DEL|hg38|gene-NA					
chr9	14098647	14098651	chr9	25349817	25349821	.	.	INV	sample-647|sv-1|INV|hg38|gene-NA					
chr8	64416857	64416858	chr8	64422732	64422733	.	.	DEL	sample-278|sv-1|DEL|hg38|gene-NA					
chr16	87951684	87951686	chr16	87982747	87982749	.	.	DUP	sample-48|sv-1|DUP|hg38|gene-NA					
chr9	11966593	11966596	chr9	12087601	12087604	.	.	DEL	sample-40|sv-1|DEL|hg38|gene-NA					
chr19	52433480	52433490	chr19	52481844	52481854	.	.	DEL	sample-158|sv-1|DEL|hg38|gene-NA					
chr9	5145058	5145060	chr9	5149126	5149128	.	.	DEL	sample-1237|sv-1|DEL|hg38|gene-NA					
chr8	43669918	43669934	chr8	43672148	43672164	.	.	DEL	sample-1095|sv-1|DEL|hg38|gene-NA					
chr4	22587482	22587494	chr4	22587555	22587556	.	.	DEL	sample-394|sv-1|DEL|hg38|gene-NA					
chr19	44912277	44912284	chr19	45217199	45217206	.	.	DUP	sample-520|sv-1|DUP|hg38|gene-NA					
chr3	82716750	82716751	chr3	114772415	114772416	.	.	INV	sample-404|sv-1|INV|hg38|gene-NA					
chr10	123790334	123790352	chr10	123790392	123790393	.	.	DEL	sample-157|sv-1|DEL|hg38|gene-NA					
chr4	166658409	166658414	chr4	167098843	167098848	.	.	DEL	sample-1218|sv-1|DEL|hg38|gene-NA					
chr13	105365058	105365062	chr13	105365117	105365118	.	.	DEL	sample-230|sv-1|DEL|hg38|gene-NA					
chr11	17113999	17114000	chr11	17119298	17119299	.	.	DEL	sample-626|sv-1|DEL|hg38|gene-NA					
chr7	95776810	95776814	chr7	97094306	97094310	.	.	DEL	sample-1455|sv-1|DEL|hg38|gene-NA					
chr11	116904437	116904445	chr11	116904507	116904508	.	.	DEL	sample-1455|sv-2|DEL|hg38|gene-NA					
chr3	126534700	126534701	chr3	126535544	126535545	.	.	DEL	sample-2|sv-1|DEL|hg38|gene-NA					
chr1	124993508	124993524	chr1	124996061	124996077	.	.	DEL	sample-130|sv-1|DEL|hg38|gene-NA					
chr18	21610491	21610500	chr18	21617839	21617848	.	.	DUP	sample-1207|sv-1|DUP|hg38|gene-NA					
chr6	124621460	124621462	chr6	124637711	124637713	.	.	DUP	sample-678|sv-1|DUP|hg38|gene-NA					
chr5	114433916	114433920	chr5	114614732	114614736	.	.	DEL	sample-918|sv-1|DEL|hg38|gene-NA					
chr2	41376648	41376649	chr2	165131393	165131394	.	.	INV	sample-1674|sv-1|INV|hg38|gene-NA					
chr2	54646181	54646184	chr2	58616982	58616985	.	.	INV	sample-1674|sv-2|INV|hg38|gene-SPTBN1					
chr10	89606516	89606518	chr10	89610065	89610067	.	.	DEL	sample-1674|sv-3|DEL|hg38|gene-NA					
chr6	107054776	107054813	chr6	107055075	107055076	.	.	DEL	sample-1417|sv-1|DEL|hg38|gene-NA					
chr18	22035633	22035637	chr18	37781176	37781180	.	.	DEL	sample-970|sv-1|DEL|hg38|gene-NA					
chr18	22035642	22035643	chr2	59595419	59595420	.	.	BND	sample-970|sv-1|BND|hg38|gene-NA					
chr18	37781161	37781162	chr2	59595431	59595432	.	.	BND	sample-970|sv-1|BND|hg38|gene-NA					
chr2	59595419	59595420	chr18	22035642	22035643	.	.	BND	sample-970|sv-1|BND|hg38|gene-NA					
chr2	59595431	59595432	chr18	37781161	37781162	.	.	BND	sample-970|sv-1|BND|hg38|gene-NA					
chr12	132425923	132425929	chr12	132532400	132532406	.	.	DUP	sample-477|sv-1|DUP|hg38|gene-NA					
chr6	156849143	156849148	chr6	157085857	157085862	.	.	DEL	sample-476|sv-1|DEL|hg38|gene-ARID1B					
chr7	1222527	1222533	chr7	1228255	1228261	.	.	DEL	sample-1204|sv-1|DEL|hg38|gene-NA					
chr5	12270015	12270017	chr5	12438155	12438157	.	.	DUP	sample-1205|sv-1|DUP|hg38|gene-NA					
chr2	148002182	148002183	chr2	148097647	148097648	.	.	DEL	sample-1328|sv-1|DEL|hg38|gene-MBD5					
chr18	47725177	47725179	chr18	47725256	47725257	.	.	DEL	sample-1439|sv-1|DEL|hg38|gene-NA					
chr7	124597084	124597086	chr7	124630338	124630340	.	.	DEL	sample-797|sv-1|DEL|hg38|gene-NA					
chr6	110970983	110971006	chr6	110983508	110983531	.	.	DUP	sample-364|sv-1|DUP|hg38|gene-NA					
chr5	82784535	82784536	chr5	82785322	82785323	.	.	DEL	sample-372|sv-1|DEL|hg38|gene-NA					
chr12	287399	287402	chr12	295127	295130	.	.	DUP	sample-1573|sv-1|DUP|hg38|gene-NA					
chr2	122364699	122364706	chr2	122366156	122366163	.	.	DEL	sample-1451|sv-1|DEL|hg38|gene-NA					
chr21	39326349	39326371	chr21	39333611	39333633	.	.	DUP	sample-968|sv-1|DUP|hg38|gene-NA					
chr1	171213974	171213975	chr1	171214239	171214240	.	.	DEL	sample-732|sv-1|DEL|hg38|gene-NA					
chr11	55175770	55175795	chr11	55176458	55176459	.	.	DEL	sample-732|sv-2|DEL|hg38|gene-NA					
chr3	196480677	196480679	chr3	196482127	196482129	.	.	DEL	sample-224|sv-1|DEL|hg38|gene-NA					
chr22	27642690	27642691	chr22	27909948	27909949	.	.	DUP	sample-996|sv-1|DUP|hg38|gene-NA					
chrX	1196429	1196431	chrX	155591425	155591427	.	.	DUP	sample-1491|sv-1|DUP|hg38|gene-NA					
chr2	7367858	7367862	chr2	7370913	7370917	.	.	DEL	sample-255|sv-1|DEL|hg38|gene-NA					
chr11	55203835	55203852	chr11	55207777	55207794	.	.	DEL	sample-1226|sv-1|DEL|hg38|gene-NA					
chrX	64187180	64187184	chrX	64192239	64192243	.	.	DEL	sample-982|sv-1|DEL|hg38|gene-AMER1					
chrX	64192236	64192240	chrX	64193972	64193976	.	.	DEL	sample-982|sv-1|DEL|hg38|gene-AMER1					
chrX	149752430	149752433	chrX	150094064	150094067	.	.	DUP	sample-1463|sv-1|DUP|hg38|gene-NA					
chr16	73875767	73875770	chr16	73882019	73882022	.	.	DUP	sample-677|sv-1|DUP|hg38|gene-NA					
chr10	82981114	82981115	chr10	82981823	82981824	.	.	DEL	sample-212|sv-1|DEL|hg38|gene-NA					
chr11	79939064	79939066	chr11	79939147	79939148	.	.	DEL	sample-251|sv-1|DEL|hg38|gene-NA					
chr3	192090447	192090450	chr3	192095040	192095043	.	.	DEL	sample-254|sv-1|DEL|hg38|gene-NA					
chr4	184682926	184682929	chr4	184682986	184682987	.	.	DEL	sample-607|sv-1|DEL|hg38|gene-NA					
chr5	133715978	133715979	chr5	133716055	133716056	.	.	DEL	sample-362|sv-1|DEL|hg38|gene-NA					
chr17	771721	771723	chr17	775220	775222	.	.	DEL	sample-239|sv-1|DEL|hg38|gene-NA					
chr7	146940680	146940682	chr7	146947795	146947797	.	.	DEL	sample-1082|sv-1|DEL|hg38|gene-NA					
chr3	132910523	132910527	chr3	132918463	132918467	.	.	DEL	sample-847|sv-1|DEL|hg38|gene-NA					
chr17	67899289	67899293	chr17	67904810	67904814	.	.	DEL	sample-728|sv-1|DEL|hg38|gene-BPTF					
chr1	98891916	98891917	chr1	98892122	98892123	.	.	DEL	sample-1223|sv-1|DEL|hg38|gene-NA					
chr15	48413075	48413077	chr15	48424858	48424860	.	.	DUP	sample-1474|sv-1|DUP|hg38|gene-NA					
chr19	844838	844846	chr19	1461589	1461597	.	.	DEL	sample-1599|sv-1|DEL|hg38|gene-1p36_deletion_30_genes_deleted,_incl_STK11					
chr1	125033834	125033851	chr1	125035878	125035895	.	.	DUP	sample-292|sv-1|DUP|hg38|gene-NA					
chr20	29838350	29838370	chr20	29845653	29845673	.	.	DEL	sample-292|sv-2|DEL|hg38|gene-NA					
chr11	129659483	129659486	chr11	129662985	129662988	.	.	DEL	sample-778|sv-1|DEL|hg38|gene-NA					
chr7	140794266	140794269	chr7	140892376	140892379	.	.	DEL	sample-781|sv-1|DEL|hg38|gene-NA					
chrX	46822450	46822455	chrX	46840090	46840095	.	.	DEL	sample-1264|sv-1|DEL|hg38|gene-RP2					
chr7	111125591	111125594	chr7	111415260	111415263	.	.	DEL	sample-995|sv-1|DEL|hg38|gene-NA					
chr18	67342352	67342353	chr18	67367021	67367022	.	.	DEL	sample-574|sv-1|DEL|hg38|gene-NA					
chr18	67342801	67342806	chr18	67360522	67360527	.	.	DUP	sample-574|sv-1|DUP|hg38|gene-NA					
chr20	14781627	14781631	chr20	14834513	14834517	.	.	DEL	sample-686|sv-1|DEL|hg38|gene-NA					
chr11	35832929	35832933	chr11	35842861	35842865	.	.	DEL	sample-812|sv-1|DEL|hg38|gene-NA					
chr9	12011238	12011240	chr9	12012871	12012873	.	.	DEL	sample-1665|sv-1|DEL|hg38|gene-NA					
chr13	46922880	46922882	chr13	46922942	46922943	.	.	DEL	sample-312|sv-1|DEL|hg38|gene-NA					
chr15	97466863	97466867	chr15	97466931	97466932	.	.	DEL	sample-1527|sv-1|DEL|hg38|gene-NA					
chr9	112480181	112480185	chr9	112507886	112507890	.	.	DEL	sample-1418|sv-1|DEL|hg38|gene-NA					
chr3	86532358	86532361	chr3	86542795	86542798	.	.	DEL	sample-1298|sv-1|DEL|hg38|gene-NA					
chr3	86543001	86543006	chr3	86543060	86543061	.	.	DEL	sample-1298|sv-1|DEL|hg38|gene-NA					
chr1	176225971	176225972	chr1	176250398	176250399	.	.	INV	sample-1183|sv-1|INV|hg38|gene-NA					
chr1	176226235	176226242	chr1	176226996	176227003	.	.	INV	sample-1183|sv-1|INV|hg38|gene-NA					
chr5	134807068	134807071	chr5	134809666	134809669	.	.	DEL	sample-1183|sv-2|DEL|hg38|gene-NA					
chr8	22514074	22514075	chr8	22516160	22516161	.	.	DEL	sample-587|sv-1|DEL|hg38|gene-NA					
chr22	50720861	50720863	chr22	50722780	50722782	.	.	DEL	sample-829|sv-1|DEL|hg38|gene-SHANK3					
chr5	43605067	43605656	chr5	43614734	43615299	.	.	DEL	sample-704|sv-1|DEL|hg38|gene-NA					
chr3	60995855	60995860	chr3	60995926	60995927	.	.	DEL	sample-1530|sv-1|DEL|hg38|gene-NA					
chr9	65050987	65051016	chr9	65055257	65055286	.	.	DUP	sample-313|sv-1|DUP|hg38|gene-NA					
chr17	18983238	18983261	chr17	18985980	18986003	.	.	DUP	sample-559|sv-1|DUP|hg38|gene-NA					
chr2	104855402	104855408	chr2	104862578	104862584	.	.	DEL	sample-932|sv-1|DEL|hg38|gene-POU3F3					
chr10	130687636	130687641	chr10	130717468	130717473	.	.	DUP	sample-1652|sv-1|DUP|hg38|gene-NA					
chr20	49412576	49412581	chr20	49413882	49413887	.	.	DEL	sample-1087|sv-1|DEL|hg38|gene-NA					
chr1	241635677	241635678	chr1	241644098	241644099	.	.	DEL	sample-72|sv-1|DEL|hg38|gene-NA					
chr14	66150766	66150767	chr14	66680513	66680514	.	.	DEL	sample-832|sv-1|DEL|hg38|gene-NA					
chr2	212639448	212639451	chr2	212678403	212678406	.	.	DUP	sample-455|sv-1|DUP|hg38|gene-NA					
chr5	31633056	31633061	chr5	31636463	31636468	.	.	DEL	sample-1178|sv-1|DEL|hg38|gene-NA					
chr2	119933501	119933502	chr2	119934161	119934162	.	.	DEL	sample-798|sv-1|DEL|hg38|gene-NA					
chr8	21714497	21714518	chr8	22409628	22409649	.	.	DUP	sample-439|sv-1|DUP|hg38|gene-NA					
chr5	46360133	46360156	chr5	46361801	46361824	.	.	DUP	sample-814|sv-1|DUP|hg38|gene-NA					
chr16	30792697	30792731	chr16	31652060	31652094	.	.	DEL	sample-813|sv-1|DEL|hg38|gene-SETD1A					
chr7	26093742	26093743	chr7	26182282	26182283	.	.	DUP	sample-828|sv-1|DUP|hg38|gene-NA					
chr10	88238700	88238703	chr10	88245334	88245337	.	.	DEL	sample-588|sv-1|DEL|hg38|gene-NA					
chr6	122882623	122882624	chr6	122883207	122883208	.	.	DEL	sample-588|sv-2|DEL|hg38|gene-NA					
chr1	155365365	155365378	chr1	155670834	155670847	.	.	DEL	sample-1150|sv-1|DEL|hg38|gene-ASH1L					
chr12	70651468	70651470	chr12	70651605	70651607	.	.	DUP	sample-1338|sv-1|DUP|hg38|gene-NA					
chr2	34281242	34281243	chr2	34297860	34297861	.	.	DEL	sample-1191|sv-1|DEL|hg38|gene-NA					
chr8	107551325	107551343	chr8	107551377	107551378	.	.	DEL	sample-1063|sv-1|DEL|hg38|gene-NA					
chrX	135471328	135471330	chrX	135472275	135472276	.	.	DEL	sample-953|sv-1|DEL|hg38|gene-NA					
chr1	230974751	230974755	chr1	230978501	230978505	.	.	DEL	sample-319|sv-1|DEL|hg38|gene-NA					
chr9	86486854	86486860	chr9	86493380	86493386	.	.	DEL	sample-1081|sv-1|DEL|hg38|gene-NA					
chr9	86486866	86486870	chr9	86505845	86505849	.	.	DUP	sample-1081|sv-1|DUP|hg38|gene-NA					
chr2	104087552	104087557	chr2	104091678	104091683	.	.	DEL	sample-1196|sv-1|DEL|hg38|gene-NA					
chr2	168724602	168724606	chr2	168724680	168724681	.	.	DEL	sample-1187|sv-1|DEL|hg38|gene-NA					
chr3	5840996	5840997	chr3	5841075	5841076	.	.	DEL	sample-1067|sv-1|DEL|hg38|gene-NA					
chr19	13568701	13568714	chr19	15415741	15415754	.	.	DUP	sample-620|sv-1|DUP|hg38|gene-NA					
chr19	13649967	13649968	chr19	13762337	13762338	.	.	DEL	sample-620|sv-1|DEL|hg38|gene-NA					
chr19	13763351	13763357	chr19	14781140	14781146	.	.	DEL	sample-620|sv-1|DEL|hg38|gene-NA					
chr16	869926	869932	chr16	1127543	1127549	.	.	DUP	sample-1435|sv-1|DUP|hg38|gene-NA					
chr18	74794987	74794990	chr18	74863272	74863275	.	.	DEL	sample-1435|sv-2|DEL|hg38|gene-NA					
chr5	121948017	121948018	chr5	121950313	121950314	.	.	DEL	sample-1537|sv-1|DEL|hg38|gene-NA					
chr8	142286988	142286991	chr8	142300991	142300994	.	.	DEL	sample-1521|sv-1|DEL|hg38|gene-NA					
chr6	86283050	86283055	chr6	86283227	86283228	.	.	DEL	sample-754|sv-1|DEL|hg38|gene-NA					
chr3	7152507	7152508	chr3	7158670	7158671	.	.	DEL	sample-875|sv-1|DEL|hg38|gene-NA					
chr3	138327654	138327656	chr3	138330939	138330941	.	.	INV	sample-1190|sv-1|INV|hg38|gene-NA					
chr3	139250503	139250506	chr3	139256589	139256592	.	.	INV	sample-1190|sv-1|INV|hg38|gene-NA					
chr17	78422011	78422016	chr17	78470770	78470775	.	.	DUP	sample-973|sv-1|DUP|hg38|gene-NA					
chr10	66473303	66473305	chr10	66507451	66507453	.	.	DEL	sample-504|sv-1|DEL|hg38|gene-NA					
chr1	52736671	52736694	chr1	52750491	52750514	.	.	DEL	sample-503|sv-1|DEL|hg38|gene-NA					
chr2	172306339	172306341	chr2	198936085	198936087	.	.	INV	sample-1562|sv-1|INV|hg38|gene-NA					
chr3	41734484	41734487	chr3	41899527	41899530	.	.	DEL	sample-1443|sv-1|DEL|hg38|gene-NA					
chr4	159133309	159133311	chr4	159306747	159306749	.	.	DEL	sample-264|sv-1|DEL|hg38|gene-NA					
chr18	31589064	31589067	chr18	31628133	31628136	.	.	DUP	sample-1386|sv-1|DUP|hg38|gene-NA					
chr2	50663984	50663987	chr2	50824679	50824682	.	.	DEL	sample-1263|sv-1|DEL|hg38|gene-NA					
chr10	19227186	19227189	chr10	19250495	19250498	.	.	DEL	sample-1627|sv-1|DEL|hg38|gene-NA					
chr9	61640753	61640757	chr9	61664612	61664616	.	.	DEL	sample-421|sv-1|DEL|hg38|gene-NA					
chr7	125846063	125846066	chr7	125851107	125851110	.	.	DEL	sample-800|sv-1|DEL|hg38|gene-NA					
chr9	93901980	93901986	chr9	93902248	93902249	.	.	DEL	sample-529|sv-1|DEL|hg38|gene-NA					
chr2	50617969	50617973	chr2	50726134	50726138	.	.	DEL	sample-1166|sv-1|DEL|hg38|gene-NA					
chr11	5780112	5780113	chr11	5780173	5780174	.	.	DEL	sample-1164|sv-1|DEL|hg38|gene-NA					
chr13	41759516	41759519	chr13	42039948	42039951	.	.	DUP	sample-1316|sv-1|DUP|hg38|gene-NA					
chr15	94204736	94204739	chr15	94245770	94245773	.	.	DEL	sample-73|sv-1|DEL|hg38|gene-NA					
chr9	23624740	23624741	chr9	23625608	23625609	.	.	DEL	sample-1248|sv-1|DEL|hg38|gene-NA					
chr1	189225336	189225337	chr1	189254488	189254489	.	.	DEL	sample-1452|sv-1|DEL|hg38|gene-NA					
chr14	91597863	91597867	chr14	91597926	91597927	.	.	DEL	sample-1314|sv-1|DEL|hg38|gene-NA					
chr7	62537994	62538011	chr7	62538678	62538679	.	.	DEL	sample-466|sv-1|DEL|hg38|gene-NA					
chr3	4167182	4167185	chr3	4227945	4227948	.	.	DEL	sample-585|sv-1|DEL|hg38|gene-NA					
chr5	26358171	26358176	chr5	26369247	26369252	.	.	INV	sample-585|sv-2|INV|hg38|gene-NA					
chr5	26363211	26363212	chr5	26369281	26369282	.	.	INV	sample-585|sv-2|INV|hg38|gene-NA					
chr5	26374767	26374771	chr5	26375305	26375306	.	.	DEL	sample-585|sv-3|DEL|hg38|gene-NA					
chr13	94266898	94266901	chr13	94531624	94531627	.	.	DUP	sample-1515|sv-1|DUP|hg38|gene-NA					
chr9	35664579	35664583	chr9	35667675	35667679	.	.	DEL	sample-109|sv-1|DEL|hg38|gene-NA					
chr13	18757767	18757805	chr13	18777072	18777110	.	.	DEL	sample-596|sv-1|DEL|hg38|gene-NA					
chr13	55932138	55932140	chr13	55938055	55938057	.	.	DEL	sample-848|sv-1|DEL|hg38|gene-NA					
chrX	58446650	58446658	chrX	58446822	58446823	.	.	DEL	sample-1336|sv-1|DEL|hg38|gene-NA					
chr18	66276804	66276808	chr18	66336673	66336677	.	.	DUP	sample-958|sv-1|DUP|hg38|gene-NA					
chr12	47426643	47426646	chr12	47426792	47426793	.	.	DEL	sample-128|sv-1|DEL|hg38|gene-NA					
chr15	23634703	23634704	chr15	23639740	23639741	.	.	DUP	sample-1586|sv-1|DUP|hg38|gene-NA					
chr15	23635337	23635338	chr15	23639761	23639762	.	.	DEL	sample-1586|sv-1|DEL|hg38|gene-NA					
chrX	31675604	31675605	chrX	31837959	31837960	.	.	DEL	sample-1230|sv-1|DEL|hg38|gene-NA					
chrX	154026666	154026669	chrX	154028842	154028845	.	.	DEL	sample-155|sv-1|DEL|hg38|gene-MECP2					
chrX	57767891	57767894	chrX	57767975	57767976	.	.	DEL	sample-214|sv-1|DEL|hg38|gene-NA					
chr7	112847793	112847797	chr7	112960794	112960798	.	.	DUP	sample-382|sv-1|DUP|hg38|gene-NA					
chr1	201228254	201228256	chr1	201233364	201233366	.	.	DEL	sample-1332|sv-1|DEL|hg38|gene-NA					
chr11	120934007	120934014	chr11	120935355	120935362	.	.	DEL	sample-129|sv-1|DEL|hg38|gene-NA					
chr3	197420472	197420473	chr3	197580208	197580209	.	.	DUP	sample-1079|sv-1|DUP|hg38|gene-NA					
chr2	143943580	143943584	chr2	143953367	143953371	.	.	DEL	sample-1093|sv-1|DEL|hg38|gene-NA					
chr12	101434414	101434451	chr12	101435764	101435801	.	.	DEL	sample-1335|sv-1|DEL|hg38|gene-NA					
chr13	49707017	49707036	chr13	49713972	49713991	.	.	DUP	sample-220|sv-1|DUP|hg38|gene-NA					
chr2	26824717	26824719	chr2	28048910	28048912	.	.	DEL	sample-1168|sv-1|DEL|hg38|gene-NA					
chr2	207123865	207123867	chr2	207134000	207134002	.	.	DEL	sample-671|sv-1|DEL|hg38|gene-KLF7					
chr5	30040628	30040629	chr5	30117850	30117851	.	.	DEL	sample-326|sv-1|DEL|hg38|gene-NA					
chrX	105999776	105999781	chrX	106000819	106000824	.	.	DEL	sample-327|sv-1|DEL|hg38|gene-NA					
chr3	31945825	31945828	chr3	31945880	31945881	.	.	DEL	sample-328|sv-1|DEL|hg38|gene-NA					
chr22	48448376	48448407	chr22	48448456	48448457	.	.	DEL	sample-323|sv-1|DEL|hg38|gene-NA					
chr22	31072376	31072379	chr22	31164594	31164597	.	.	DUP	sample-459|sv-1|DUP|hg38|gene-NA					
chr6	114713450	114713454	chr6	114797710	114797714	.	.	DEL	sample-818|sv-1|DEL|hg38|gene-NA					
chr3	164218767	164218769	chr3	164382353	164382355	.	.	DEL	sample-480|sv-1|DEL|hg38|gene-NA					
chr15	52111358	52111359	chr15	52181609	52181610	.	.	DEL	sample-1046|sv-1|DEL|hg38|gene-NA					
chr4	111199680	111199682	chr7	3209921	3209922	.	.	BND	sample-190|sv-1|BND|hg38|gene-NA					
chr4	111199893	111199897	chr4	111205993	111205997	.	.	INV	sample-190|sv-1|INV|hg38|gene-NA					
chr7	3209920	3209922	chr4	111199681	111199682	.	.	BND	sample-190|sv-1|BND|hg38|gene-NA					
chr7	3210055	3210059	chr7	3214761	3214765	.	.	DEL	sample-190|sv-1|DEL|hg38|gene-NA					
chr18	73013804	73013809	chr18	73016153	73016158	.	.	DEL	sample-1529|sv-1|DEL|hg38|gene-NA					
chr2	211992662	211992663	chr2	212835429	212835430	.	.	DEL	sample-1078|sv-1|DEL|hg38|gene-NA					
chrX	1739625	1739631	chrX	1740596	1740597	.	.	DEL	sample-64|sv-1|DEL|hg38|gene-NA					
chr6	16527665	16527666	chr13	35397433	35397434	.	.	BND	sample-1640|sv-1|BND|hg38|gene-NBEA_and_ATXN1					
chr20	21022118	21022121	chr20	21294644	21294647	.	.	INV	sample-1403|sv-1|INV|hg38|gene-NA					
chr20	21276099	21276102	chr20	21435793	21435796	.	.	DUP	sample-1403|sv-1|DUP|hg38|gene-NA					
chr20	20407000	20407000	chr20	21296000	21296000	.	.	INV	sample-1403|sv-1|INV|hg38|gene-NA					
chr20	14379270	14379273	chr8	94512973	94512974	.	.	BND	sample-1135|sv-1|BND|hg38|gene-NA					
chr20	14379271	14379274	chr8	102501480	102501481	.	.	BND	sample-1135|sv-1|BND|hg38|gene-NA					
chr20	14422420	14422422	chr8	88396222	88396223	.	.	BND	sample-1135|sv-1|BND|hg38|gene-NA					
chr20	14422420	14422424	chr8	103060769	103060770	.	.	BND	sample-1135|sv-1|BND|hg38|gene-NA					
chr8	102501480	102501483	chr20	14379271	14379272	.	.	BND	sample-1135|sv-1|BND|hg38|gene-NA					
chr8	103060766	103060770	chr20	14422423	14422424	.	.	BND	sample-1135|sv-1|BND|hg38|gene-NA					
chr8	88396214	88396218	chr8	102501481	102501485	.	.	DEL	sample-1135|sv-1|DEL|hg38|gene-NA					
chr8	88396222	88396224	chr20	14422420	14422421	.	.	BND	sample-1135|sv-1|BND|hg38|gene-NA					
chr8	94512972	94512975	chr8	103060767	103060770	.	.	INV	sample-1135|sv-1|INV|hg38|gene-NA					
chr8	94512973	94512976	chr20	14379270	14379271	.	.	BND	sample-1135|sv-1|BND|hg38|gene-NA					
chr9	71919570	71919574	chr9	71919846	71919847	.	.	DEL	sample-890|sv-1|DEL|hg38|gene-NA					
chr14	98896976	98896977	chr14	98914497	98914498	.	.	INV	sample-1236|sv-1|INV|hg38|gene-NA					
chr6	65252636	65252637	chr6	65318126	65318127	.	.	DEL	sample-1486|sv-1|DEL|hg38|gene-NA					
chr2	200314227	200314232	chr2	200322744	200322749	.	.	DEL	sample-33|sv-1|DEL|hg38|gene-NA					
chr1	248722018	248722023	chr1	248722150	248722151	.	.	DEL	sample-69|sv-1|DEL|hg38|gene-NA					
chr20	14666975	14666980	chr20	14837642	14837647	.	.	DEL	sample-69|sv-2|DEL|hg38|gene-NA					
chr11	30730080	30730081	chr11	30730444	30730445	.	.	DEL	sample-1288|sv-1|DEL|hg38|gene-NA					
chrX	49037329	49037336	chrX	49038763	49038770	.	.	DEL	sample-1413|sv-1|DEL|hg38|gene-NA					
chr8	114920624	114920625	chr8	114926928	114926929	.	.	DEL	sample-1048|sv-1|DEL|hg38|gene-NA					
chr22	43076403	43076414	chr22	43077048	43077049	.	.	DEL	sample-1048|sv-2|DEL|hg38|gene-NA					
chr2	73564088	73564092	chr2	73576603	73576607	.	.	DEL	sample-199|sv-1|DEL|hg38|gene-NA					
chr3	167417830	167417834	chr3	167435504	167435508	.	.	DEL	sample-318|sv-1|DEL|hg38|gene-NA					
chr4	172805862	172805864	chr4	172839069	172839071	.	.	INV	sample-448|sv-1|INV|hg38|gene-NA					
chr7	23678394	23678396	chr7	23683763	23683765	.	.	DEL	sample-566|sv-1|DEL|hg38|gene-NA					
chr3	87438832	87438835	chr3	87440964	87440967	.	.	DEL	sample-773|sv-1|DEL|hg38|gene-NA					
chr7	148895455	148895459	chr7	148919289	148919293	.	.	INV	sample-539|sv-1|INV|hg38|gene-NA					
chr7	148895795	148895805	chr7	148900638	148900648	.	.	INV	sample-539|sv-1|INV|hg38|gene-NA					
chr11	3982123	3982124	chr11	3984272	3984273	.	.	DUP	sample-538|sv-1|DUP|hg38|gene-NA					
chr12	56178630	56178632	chr12	56178684	56178685	.	.	DEL	sample-537|sv-1|DEL|hg38|gene-NA					
chr16	14432002	14432009	chr16	14434548	14434555	.	.	DEL	sample-417|sv-1|DEL|hg38|gene-NA					
chr2	167773489	167773490	chr2	167773834	167773835	.	.	DEL	sample-1629|sv-1|DEL|hg38|gene-NA					
chr18	62579407	62579410	chr18	62579992	62579993	.	.	DEL	sample-1629|sv-3|DEL|hg38|gene-NA					
chr18	69193958	69193959	chr18	69194521	69194522	.	.	DEL	sample-1629|sv-4|DEL|hg38|gene-NA					
chr10	65127193	65127196	chr10	65148521	65148524	.	.	DEL	sample-1399|sv-1|DEL|hg38|gene-NA					
chr3	146644626	146644627	chr3	146645054	146645055	.	.	DEL	sample-61|sv-1|DEL|hg38|gene-NA					
chr13	56618225	56618226	chr13	56621694	56621695	.	.	DEL	sample-438|sv-1|DEL|hg38|gene-NA					
chr7	157143277	157143280	chr7	157148340	157148343	.	.	DEL	sample-555|sv-1|DEL|hg38|gene-NA					
chr14	67959185	67959186	chr14	67959853	67959854	.	.	DEL	sample-555|sv-2|DEL|hg38|gene-NA					
chr3	32095054	32095055	chr3	32104147	32104148	.	.	DEL	sample-672|sv-1|DEL|hg38|gene-NA					
chr17	48048215	48048217	chr17	48050258	48050260	.	.	DEL	sample-1645|sv-1|DEL|hg38|gene-NA					
chr14	99575000	99575000	chr14	99701000	99701000	.	.	INV	sample-1236|sv-1|INV|hg38|gene-NA					
chr7	63088041	63088048	chr7	63154974	63154981	.	.	INV	sample-1272|sv-1|INV|hg38|gene-NA					
chr3	23919574	23919576	chr3	23919696	23919697	.	.	DEL	sample-1163|sv-1|DEL|hg38|gene-NA					
chr5	3517019	3517022	chr5	3525194	3525197	.	.	DEL	sample-1659|sv-1|DEL|hg38|gene-NA					
chr10	133493214	133493215	chr10	133493355	133493356	.	.	DEL	sample-1289|sv-1|DEL|hg38|gene-NA					
chr10	75463913	75463946	chr10	75464048	75464049	.	.	DEL	sample-943|sv-1|DEL|hg38|gene-NA					
chr9	9928429	9928431	chr9	9974001	9974003	.	.	DEL	sample-450|sv-1|DEL|hg38|gene-NA					
chr8	102384728	102384730	chr8	102491066	102491068	.	.	DUP	sample-1555|sv-1|DUP|hg38|gene-NA					
chr5	89361606	89361608	chr5	106693147	106693149	.	.	INV	sample-465|sv-1|INV|hg38|gene-NA					
chr16	2543844	2543845	chr16	2792040	2792041	.	.	DEL	sample-774|sv-1|DEL|hg38|gene-SRRM2					
chr3	61846017	61846022	chr3	61968598	61968603	.	.	DEL	sample-897|sv-1|DEL|hg38|gene-NA					
chr6	113743208	113743211	chr6	117175384	117175387	.	.	DEL	sample-113|sv-1|DEL|hg38|gene-multiple,incCOL10A1					
chr9	131362263	131362276	chr9	131378256	131378269	.	.	DUP	sample-1020|sv-1|DUP|hg38|gene-NA					
chr9	133061512	133061530	chr9	133082079	133082097	.	.	DEL	sample-1326|sv-1|DEL|hg38|gene-NA					
chrX	41595796	41595798	chrX	46218286	46218288	.	.	INV	sample-1327|sv-1|INV|hg38|gene-CASK					
chr2	215369561	215369564	chr2	215429377	215429380	.	.	DEL	sample-1175|sv-1|DEL|hg38|gene-FN1					
chr13	52470216	52470249	chr13	52482616	52482649	.	.	DUP	sample-13|sv-1|DUP|hg38|gene-NA					
chr5	882271	882288	chr5	882823	882824	.	.	DEL	sample-12|sv-1|DEL|hg38|gene-NA					
chr7	68548314	68548317	chr7	69900901	69900904	.	.	INV	sample-501|sv-1|INV|hg38|gene-AUTS2					
chr16	54177603	54177604	chr16	64296952	64296953	.	.	DEL	sample-1076|sv-1|DEL|hg38|gene-NA					
chr16	54178823	54178826	chr6	52182445	52182446	.	.	BND	sample-1076|sv-1|BND|hg38|gene-NA					
chr16	64296776	64296779	chr6	51184175	51184176	.	.	BND	sample-1076|sv-1|BND|hg38|gene-NA					
chr6	51184173	51184176	chr16	64296778	64296779	.	.	BND	sample-1076|sv-1|BND|hg38|gene-NA					
chr6	51184230	51184231	chr6	52182443	52182444	.	.	INV	sample-1076|sv-1|INV|hg38|gene-NA					
chr6	52182445	52182448	chr16	54178823	54178824	.	.	BND	sample-1076|sv-1|BND|hg38|gene-NA					
chr21	16892981	16892982	chr21	16893086	16893087	.	.	DEL	sample-1076|sv-2|DEL|hg38|gene-NA					
chr3	53724183	53724188	chr3	53724265	53724266	.	.	DEL	sample-956|sv-1|DEL|hg38|gene-NA					
chr8	89900997	89901001	chr8	90080777	90080781	.	.	DEL	sample-1215|sv-1|DEL|hg38|gene-NA					
chr1	236271765	236271777	chr1	236272731	236272732	.	.	DEL	sample-490|sv-1|DEL|hg38|gene-NA					
chr5	35122469	35122470	chr5	35132368	35132369	.	.	DEL	sample-1544|sv-1|DEL|hg38|gene-NA					
chr3	75367054	75367065	chr3	75367138	75367139	.	.	DEL	sample-1545|sv-1|DEL|hg38|gene-NA					
chrX	153860733	153860735	chrX	153867757	153867759	.	.	DEL	sample-1670|sv-1|DEL|hg38|gene-NA					
chr15	91598723	91598725	chr15	91604138	91604140	.	.	DEL	sample-1668|sv-1|DEL|hg38|gene-NA					
chrX	39670195	39670198	chrX	39715520	39715523	.	.	DUP	sample-117|sv-1|DUP|hg38|gene-NA					
chr1	190601147	190601149	chr1	190601816	190601817	.	.	DEL	sample-1438|sv-1|DEL|hg38|gene-NA					
chr22	16882503	16882517	chr22	19545128	19545142	.	.	DUP	sample-1438|sv-2|DUP|hg38|gene-NA					
chr9	20434992	20434996	chr9	20435469	20435470	.	.	DEL	sample-948|sv-1|DEL|hg38|gene-NA					
chr13	27460094	27460111	chr13	27461212	27461229	.	.	DEL	sample-487|sv-1|DEL|hg38|gene-NA					
chr7	114661999	114662004	chr7	114662388	114662389	.	.	DEL	sample-605|sv-1|DEL|hg38|gene-FOXP2					
chrX	103561411	103561412	chrX	103822257	103822258	.	.	DEL	sample-7|sv-1|DEL|hg38|gene-Xp22.2					
chr15	52838433	52838434	chr15	52849662	52849663	.	.	DEL	sample-240|sv-1|DEL|hg38|gene-NA					
chr7	70502595	70502596	chr7	70657476	70657477	.	.	INV	sample-1569|sv-1|INV|hg38|gene-NA					
chr7	70521590	70521591	chr7	70656612	70656613	.	.	INV	sample-1569|sv-1|INV|hg38|gene-NA					
chr9	4199410	4199436	chr9	4199504	4199505	.	.	DEL	sample-1097|sv-1|DEL|hg38|gene-NA					
chr2	16503942	16503945	chr2	16514513	16514516	.	.	DEL	sample-21|sv-1|DEL|hg38|gene-NA					
chr4	64867659	64867663	chr4	64869118	64869122	.	.	DEL	sample-1341|sv-1|DEL|hg38|gene-NA					
chr17	28384766	28384769	chr17	28714248	28714251	.	.	DEL	sample-1341|sv-2|DEL|hg38|gene-NA					
chr2	50797003	50797005	chr2	50978421	50978423	.	.	DEL	sample-506|sv-1|DEL|hg38|gene-NA					
chr13	108089702	108089708	chr13	108097536	108097542	.	.	DEL	sample-506|sv-2|DEL|hg38|gene-NA					
chr6	28784097	28784101	chr6	28794232	28794236	.	.	DEL	sample-370|sv-1|DEL|hg38|gene-NA					
chr1	50026602	50026607	chr1	50031504	50031509	.	.	DEL	sample-1536|sv-1|DEL|hg38|gene-NA					
chr1	50100736	50100737	chr1	50154753	50154754	.	.	DEL	sample-1536|sv-2|DEL|hg38|gene-NA					
chr7	30962637	30962641	chr7	30968973	30968977	.	.	DEL	sample-1092|sv-1|DEL|hg38|gene-NA					
chr2	3299474	3299475	chr2	3299542	3299543	.	.	DEL	sample-859|sv-1|DEL|hg38|gene-NA					
chr2	61217472	61217475	chr2	61479909	61479912	.	.	DEL	sample-19|sv-1|DEL|hg38|gene-NA					
chr13	21345861	21345862	chr13	21346191	21346192	.	.	DEL	sample-1425|sv-1|DEL|hg38|gene-NA					
chrX	64205189	64205192	chrX	64206760	64206763	.	.	DEL	sample-1188|sv-1|DEL|hg38|gene-AMER1					
chr1	10767099	10767139	chr1	10767163	10767164	.	.	DEL	sample-1290|sv-1|DEL|hg38|gene-NA					
chr4	112771397	112771413	chr4	112781379	112781395	.	.	DEL	sample-699|sv-1|DEL|hg38|gene-NA					
chr1	110076603	110076605	chr12	95325096	95325097	.	.	BND	sample-802|sv-1|BND|hg38|gene-NA					
chr1	110076604	110076605	chr12	95325087	95325088	.	.	BND	sample-802|sv-1|BND|hg38|gene-NA					
chr12	94762350	94762351	chr12	95289082	95289083	.	.	INV	sample-802|sv-1|INV|hg38|gene-NA					
chr12	94762352	94762354	chr12	95252985	95252987	.	.	INV	sample-802|sv-1|INV|hg38|gene-NA					
chr12	95252986	95252987	chr12	96447102	96447103	.	.	DUP	sample-802|sv-1|DUP|hg38|gene-NA					
chr12	95325087	95325088	chr1	110076604	110076605	.	.	BND	sample-802|sv-1|BND|hg38|gene-NA					
chr12	95325095	95325097	chr1	110076604	110076605	.	.	BND	sample-802|sv-1|BND|hg38|gene-NA					
chr1	91308646	91308648	chr1	94140040	94140042	.	.	DEL	sample-802|sv-2|DEL|hg38|gene-RPL5					
chr7	101949783	101949791	chr7	101951758	101951766	.	.	DEL	sample-1662|sv-1|DEL|hg38|gene-NA					
chr1	76848332	76848333	chr1	76848888	76848889	.	.	DEL	sample-1664|sv-1|DEL|hg38|gene-NA					
chr7	76398672	76398675	chr7	138156870	138156873	.	.	DEL	sample-218|sv-1|DEL|hg38|gene-NA					
chr8	11541670	11541678	chr8	11544137	11544145	.	.	DEL	sample-178|sv-3|DEL|hg38|gene-NA					
chr8	46641941	46641943	chr8	46642023	46642024	.	.	DEL	sample-178|sv-4|DEL|hg38|gene-NA					
chr8	124204160	124204164	chr8	124208555	124208559	.	.	DEL	sample-178|sv-5|DEL|hg38|gene-NA					
chr13	97952373	97952375	chr13	97955863	97955865	.	.	DEL	sample-178|sv-6|DEL|hg38|gene-NA					
chr17	16299046	16299063	chr17	16308171	16308188	.	.	DEL	sample-178|sv-7|DEL|hg38|gene-NA					
chr17	54241549	54241552	chr17	54249426	54249429	.	.	DEL	sample-178|sv-8|DEL|hg38|gene-NA					
chr19	51962930	51962931	chr19	51969569	51969570	.	.	DEL	sample-178|sv-9|DEL|hg38|gene-NA					
chr2	166555747	166555750	chr2	166563187	166563190	.	.	DEL	sample-540|sv-1|DEL|hg38|gene-NA					
chr21	37377981	37377982	chr21	38142065	38142066	.	.	INV	sample-656|sv-1|INV|hg38|gene-DYRK1A					
chr9	96589768	96589784	chr9	96601606	96601622	.	.	DEL	sample-1412|sv-1|DEL|hg38|gene-NA					
chrX	21719964	21719969	chrX	21731529	21731534	.	.	DEL	sample-625|sv-1|DEL|hg38|gene-NA					
chr1	245803910	245803914	chr1	246046668	246046672	.	.	DEL	sample-760|sv-1|DEL|hg38|gene-NA					
chr8	91990328	91990329	chr8	92032276	92032277	.	.	DEL	sample-1400|sv-1|DEL|hg38|gene-NA					
chr14	19938500	19938501	chr14	19939612	19939613	.	.	DEL	sample-269|sv-1|DEL|hg38|gene-NA					
chr2	50601820	50601822	chr2	50619875	50619877	.	.	DEL	sample-1352|sv-1|DEL|hg38|gene-NA					
chr15	85313560	85313562	chr15	85315094	85315096	.	.	DEL	sample-1500|sv-1|DEL|hg38|gene-NA					
chr1	218408838	218408840	chr1	218414051	218414053	.	.	DEL	sample-422|sv-1|DEL|hg38|gene-NA					
chr7	35273782	35273787	chr7	35278824	35278829	.	.	DUP	sample-1155|sv-1|DUP|hg38|gene-NA					
chr8	25784475	25784476	chr8	25789687	25789688	.	.	DEL	sample-850|sv-1|DEL|hg38|gene-NA					
chrX	31664111	31664112	chrX	31868448	31868449	.	.	DEL	sample-548|sv-1|DEL|hg38|gene-NA					
chr1	154170612	154170618	chr1	154173681	154173687	.	.	DEL	sample-1557|sv-1|DEL|hg38|gene-NA					
chr13	21890088	21890097	chr13	21890318	21890319	.	.	DEL	sample-1430|sv-1|DEL|hg38|gene-NA					
chr1	106344193	106344195	chr14	29140008	29140009	.	.	BND	sample-1197|sv-1|BND|hg38|gene-NA					
chr14	29140007	29140009	chr1	106344194	106344195	.	.	BND	sample-1197|sv-1|BND|hg38|gene-NA					
chr1	81395232	81395233	chr1	96670689	96670690	.	.	DEL	sample-1197|sv-1|DEL|hg38|gene-NA					
chr1	96670684	96670687	chr1	106344194	106344197	.	.	DEL	sample-1197|sv-1|DEL|hg38|gene-NA					
chr4	38409533	38409536	chr10	55236149	55236150	.	.	BND	sample-1197|sv-2|BND|hg38|gene-NA					
chr3	112815331	112815333	chr3	112832043	112832045	.	.	DEL	sample-723|sv-1|DEL|hg38|gene-NA					
chr7	1210122	1210123	chr7	1618127	1618128	.	.	INV	sample-1297|sv-1|INV|hg38|gene-NA					
chr7	906400	906400	chr7	1209800	1209800	.	.	INV	sample-1297|sv-1|INV|hg38|gene-NA					
chr5	29098913	29098915	chr5	29103026	29103028	.	.	DEL	sample-478|sv-2|DEL|hg38|gene-NA					
chr2	55264996	55265007	chr2	55682661	55682672	.	.	DEL	sample-102|sv-1|DEL|hg38|gene-NA					
chr8	16705429	16705434	chr8	16727335	16727340	.	.	DEL	sample-331|sv-1|DEL|hg38|gene-NA					
chr1	15803314	15803333	chr1	15805159	15805178	.	.	DEL	sample-1051|sv-1|DEL|hg38|gene-NA					
chr5	46056186	46056212	chr5	46062723	46062749	.	.	DUP	sample-1317|sv-1|DUP|hg38|gene-NA					
chr15	25369232	25369233	chr15	25371589	25371590	.	.	DEL	sample-683|sv-1|DEL|hg38|gene-NA					
chr16	89219685	89219689	chr16	89265995	89265999	.	.	DEL	sample-187|sv-1|DEL|hg38|gene-NA					
chr10	58391681	58391683	chr10	58396254	58396256	.	.	DEL	sample-462|sv-1|DEL|hg38|gene-NA					
chr9	21960745	21960746	chr9	21993804	21993805	.	.	DEL	sample-546|sv-1|DEL|hg38|gene-NA					
chr10	119305264	119305269	chr10	119374723	119374728	.	.	INV	sample-1646|sv-1|INV|hg38|gene-NA					
chr10	119670000	119670000	chr10	119670400	119670400	.	.	INV	sample-1646|sv-1|INV|hg38|gene-NA					
chr17	39288646	39288650	chr17	39323645	39323649	.	.	DUP	sample-680|sv-1|DUP|hg38|gene-NA					
chr5	20164560	20164561	chr5	20165643	20165644	.	.	DEL	sample-447|sv-1|DEL|hg38|gene-NA					
chr20	37632540	37632541	chr20	37634007	37634008	.	.	DEL	sample-55|sv-1|DEL|hg38|gene-NA					
chr4	149225905	149225907	chr4	149234229	149234231	.	.	DUP	sample-1626|sv-1|DUP|hg38|gene-NA					
chr19	50200548	50200551	chr19	50200973	50200974	.	.	DEL	sample-688|sv-1|DEL|hg38|gene-NA					
chr9	31594178	31594179	chr9	31645178	31645179	.	.	DUP	sample-1642|sv-1|DUP|hg38|gene-NA					
chr21	46389352	46389427	chr21	46390053	46390054	.	.	DEL	sample-1406|sv-1|DEL|hg38|gene-NA					
chr3	120480731	120480736	chr3	120481894	120481899	.	.	INV	sample-89|sv-1|INV|hg38|gene-NA					
chr3	120481648	120481652	chr3	120483899	120483903	.	.	DEL	sample-89|sv-1|DEL|hg38|gene-NA					
chr9	83840163	83840166	chr9	83947480	83947483	.	.	DEL	sample-1053|sv-1|DEL|hg38|gene-NA					
chr11	89893075	89893078	chr11	89923494	89923497	.	.	INV	sample-1053|sv-2|INV|hg38|gene-NA					
chr7	142065145	142066086	chr7	142094251	142095060	.	.	DEL	sample-1407|sv-1|DEL|hg38|gene-NA					
chrX	4545295	4545333	chrX	4545356	4545357	.	.	DEL	sample-1409|sv-1|DEL|hg38|gene-NA					
chr8	107551325	107551343	chr8	107551377	107551378	.	.	DEL	sample-1532|sv-1|DEL|hg38|gene-NA					
chr8	30303648	30303670	chr8	30304978	30305000	.	.	DEL	sample-96|sv-1|DEL|hg38|gene-NA					
chr10	101126921	101126922	chr10	101656644	101656645	.	.	DUP	sample-922|sv-1|DUP|hg38|gene-NA					
chr6	131930920	131930950	chr6	131932809	131932839	.	.	DUP	sample-1696|sv-2|DUP|hg38|gene-NA					
chr18	31540229	31540233	chr18	32397314	32397318	.	.	DUP	sample-1042|sv-1|DUP|hg38|gene-NA					
chr1	200816795	200816796	chr1	200894444	200894445	.	.	INV	sample-1041|sv-1|INV|hg38|gene-NA					
chr4	48446334	48446358	chr4	48472432	48472456	.	.	DUP	sample-1526|sv-1|DUP|hg38|gene-NA					
chr4	143690016	143690026	chr4	143691418	143691428	.	.	DEL	sample-1534|sv-1|DEL|hg38|gene-NA					
chr1	27694529	27694554	chr1	27700346	27700371	.	.	DEL	sample-581|sv-1|DEL|hg38|gene-NA					
chr20	1939212	1939218	chr20	1948250	1948256	.	.	DEL	sample-324|sv-1|DEL|hg38|gene-NA					
chr2	46352624	46352627	chr2	46352739	46352740	.	.	DEL	sample-457|sv-1|DEL|hg38|gene-NA					
chr10	64562857	64562860	chr10	64656708	64656711	.	.	DEL	sample-9|sv-1|DEL|hg38|gene-NA					
chr16	6831558	6831563	chr16	6984860	6984865	.	.	DEL	sample-929|sv-1|DEL|hg38|gene-NA					
chrX	18473629	18473630	chrX	19234712	19234713	.	.	DUP	sample-91|sv-1|DUP|hg38|gene-NA					
chr13	58580390	58580393	chr13	58582735	58582738	.	.	DEL	sample-92|sv-1|DEL|hg38|gene-NA					
chr11	33239274	33239275	chr11	33552454	33552455	.	.	DUP	sample-1511|sv-1|DUP|hg38|gene-NA					
chr10	115028069	115028083	chr10	115029471	115029485	.	.	DEL	sample-1116|sv-1|DEL|hg38|gene-NA					
chr15	26965452	26965457	chr15	26969230	26969235	.	.	DEL	sample-231|sv-1|DEL|hg38|gene-NA					
chr11	24685892	24685894	chr11	25652971	25652973	.	.	DUP	sample-759|sv-1|DUP|hg38|gene-NA					
chrX	119239902	119239903	chrX	119270995	119270996	.	.	DEL	sample-636|sv-1|DEL|hg38|gene-NA					
chr5	153870269	153870271	chr5	153876069	153876071	.	.	DEL	sample-215|sv-1|DEL|hg38|gene-NA					
chr19	54987690	54987698	chr19	54987992	54987993	.	.	DEL	sample-1329|sv-1|DEL|hg38|gene-NA					
chr1	243288449	243288454	chr1	243538149	243538154	.	.	DEL	sample-743|sv-1|DEL|hg38|gene-NA					
chrX	154741182	154741220	chrX	155843853	155843891	.	.	DUP	sample-960|sv-1|DUP|hg38|gene-NA					
chr11	35300218	35300219	chr11	35302788	35302789	.	.	DEL	sample-207|sv-1|DEL|hg38|gene-SLC1A2					
chr2	18953069	18953074	chr2	18956428	18956433	.	.	DEL	sample-870|sv-1|DEL|hg38|gene-NA					
chr16	2103326	2103326	chr16	2103855	2103855	.	.	DEL	sample-734|sv-1|DEL|hg38|gene-NA					
chr18	67062239	67062244	chr18	67062316	67062317	.	.	DEL	sample-854|sv-1|DEL|hg38|gene-NA					
chr19	12983651	12983652	chr19	12985149	12985150	.	.	DEL	sample-274|sv-1|DEL|hg38|gene-NA					
chr17	39266275	39266305	chr17	39269554	39269584	.	.	DEL	sample-603|sv-1|DEL|hg38|gene-NA					
chr9	72108335	72108336	chr9	77682460	77682461	.	.	INV	sample-981|sv-1|INV|hg38|gene-NA					
chr3	160288531	160288534	chr3	160288693	160288694	.	.	DEL	sample-15|sv-1|DEL|hg38|gene-NA					
chr10	66477806	66477808	chr10	66587238	66587240	.	.	DEL	sample-1262|sv-1|DEL|hg38|gene-NA					
chr16	2588851	2588853	chr16	2994537	2994539	.	.	INV	sample-491|sv-1|INV|hg38|gene-SRRM2					
chr16	2546885	2546885	chr16	2589267	2589267	.	.	DEL	sample-491|sv-1|DEL|hg38|gene-SRRM2					
chr16	2655443	2655443	chr16	2994539	2994539	.	.	DEL	sample-491|sv-1|DEL|hg38|gene-SRRM2					
chr11	8831855	8831861	chr11	8838188	8838194	.	.	DEL	sample-979|sv-1|DEL|hg38|gene-NA					
chr11	8837737	8837738	chr11	8842908	8842909	.	.	INV	sample-979|sv-1|INV|hg38|gene-NA					
chr11	8838073	8838079	chr11	8838350	8838356	.	.	INV	sample-979|sv-1|INV|hg38|gene-NA					
chr14	106883146	106883149	chr21	7271771	7271772	.	.	BND	sample-869|sv-1|BND|hg38|gene-NA					
chr21	7271769	7271772	chr14	106883148	106883149	.	.	BND	sample-869|sv-1|BND|hg38|gene-NA					
chr16	65907025	65907026	chr16	65915972	65915973	.	.	DEL	sample-869|sv-2|DEL|hg38|gene-NA					
chr2	231782952	231782953	chr22	27007072	27007073	.	.	BND	sample-624|sv-1|BND|hg38|gene-NA					
chr10	126151119	126151122	chr10	126153209	126153212	.	.	INV	sample-624|sv-2|INV|hg38|gene-NA					
chr10	126153052	126153056	chr10	126154312	126154316	.	.	INV	sample-624|sv-2|INV|hg38|gene-NA					
chr18	79495861	79495883	chr18	79495961	79495962	.	.	DEL	sample-1592|sv-1|DEL|hg38|gene-NA					
chr4	42485973	42485977	chr4	42610965	42610969	.	.	DEL	sample-252|sv-1|DEL|hg38|gene-NA					
chr19	18014101	18014102	chr3	41215880	41215881	.	.	BND	sample-216|sv-1|BND|hg38|gene-CTNNB1					
chr3	41177000	41215881	chr19	18014101	18014102	.	.	BND	sample-216|sv-1|BND|hg38|gene-CTNNB1					
chr17	2581936	2581944	chr17	2604716	2604724	.	.	DEL	sample-1208|sv-1|DEL|hg38|gene-PAFAH1B1					
chr19	34347341	34347349	chr19	34446130	34446138	.	.	DEL	sample-481|sv-1|DEL|hg38|gene-NA					
chr11	32961188	32961192	chr11	33646124	33646128	.	.	DUP	sample-4|sv-1|DUP|hg38|gene-NA					
chr11	113821536	113821540	chr11	113825740	113825744	.	.	DUP	sample-492|sv-1|DUP|hg38|gene-NA					
chr16	54177273	54177278	chr16	54187706	54187711	.	.	INV	sample-494|sv-1|INV|hg38|gene-NA					
chr17	14625294	14625296	chr17	14637873	14637875	.	.	DEL	sample-1194|sv-1|DEL|hg38|gene-NA					
chr3	60438078	60438079	chr3	60448639	60448640	.	.	DEL	sample-1673|sv-1|DEL|hg38|gene-NA					
chr4	141857463	141857465	chr4	141858494	141858496	.	.	DEL	sample-1673|sv-2|DEL|hg38|gene-NA					
chr16	2018875	2018882	chr16	2251045	2251052	.	.	DEL	sample-1693|sv-1|DEL|hg38|gene-PKD1					
chr9	31361515	31361520	chr9	31368399	31368404	.	.	DEL	sample-1691|sv-1|DEL|hg38|gene-NA					
chr11	9497979	9498007	chr11	9502979	9503007	.	.	DUP	sample-1692|sv-1|DUP|hg38|gene-NA					
chr5	171342030	171342039	chr5	171352661	171352670	.	.	DUP	sample-205|sv-1|DUP|hg38|gene-NA					
chr7	62658892	62658917	chr7	62664752	62664777	.	.	DUP	sample-1301|sv-1|DUP|hg38|gene-NA					
chr5	84224051	84224052	chr5	84225897	84225898	.	.	DEL	sample-949|sv-1|DEL|hg38|gene-NA					
chr4	62337970	62337972	chr4	62338051	62338052	.	.	DEL	sample-194|sv-1|DEL|hg38|gene-NA					
chr15	54942386	54942409	chr15	56155327	56155350	.	.	DEL	sample-1410|sv-1|DEL|hg38|gene-NA					
chr4	21305876	21305879	chr4	21305957	21305958	.	.	DEL	sample-1291|sv-1|DEL|hg38|gene-NA					
chr17	44017400	44017442	chr17	44062029	44062071	.	.	DEL	sample-969|sv-1|DEL|hg38|gene-NA					
chr6	57401175	57401179	chr6	57401242	57401243	.	.	DEL	sample-1171|sv-1|DEL|hg38|gene-NA					
chr4	163303086	163303087	chr4	163303357	163303358	.	.	DEL	sample-1054|sv-1|DEL|hg38|gene-NA					
chr3	4187228	4187230	chr3	4233238	4233240	.	.	DEL	sample-824|sv-1|DEL|hg38|gene-NA					
chr3	4187228	4187230	chr3	4233238	4233240	.	.	DEL	sample-823|sv-1|DEL|hg38|gene-NA					
chr18	80257869	80257870	chr18	80261349	80261350	.	.	DUP	sample-822|sv-1|DUP|hg38|gene-NA					
chr3	166064024	166064025	chr3	166064506	166064507	.	.	DEL	sample-1052|sv-1|DEL|hg38|gene-NA					
chr8	1939808	1939809	chr8	1940139	1940140	.	.	DEL	sample-59|sv-1|DEL|hg38|gene-NA					
chr15	93706725	93706746	chr15	93707980	93708001	.	.	DUP	sample-1334|sv-1|DUP|hg38|gene-NA					
chr11	28833788	28833790	chr11	37084392	37084394	.	.	DEL	sample-1447|sv-1|DEL|hg38|gene-PAX6					
chr18	62353610	62353616	chr18	62373966	62373972	.	.	DUP	sample-1564|sv-1|DUP|hg38|gene-NA					
chr16	87617899	87617925	chr16	87776325	87776351	.	.	DEL	sample-497|sv-1|DEL|hg38|gene-NA					
chr6	79153996	79154798	chr6	79176342	79177138	.	.	DUP	sample-1657|sv-1|DUP|hg38|gene-NA					
chr3	142920033	142920036	chr5	89212968	89212969	.	.	BND	sample-563|sv-1|BND|hg38|gene-NA					
chr6	7082413	7082416	chr6	7301457	7301460	.	.	DUP	sample-1275|sv-1|DUP|hg38|gene-NA					
chr7	130439228	130439232	chr7	130439315	130439316	.	.	DEL	sample-1553|sv-1|DEL|hg38|gene-NA					
chr2	199238252	199238256	chr2	202156803	202156807	.	.	DEL	sample-303|sv-1|DEL|hg38|gene-SATB2					
chr2	236240207	236240212	chrX	7139780	7139781	.	.	BND	sample-303|sv-2|BND|hg38|gene-NA					
chrX	7139776	7139781	chr2	236240211	236240212	.	.	BND	sample-303|sv-2|BND|hg38|gene-NA					
chr1	71894127	71894130	chr1	71894621	71894622	.	.	DEL	sample-304|sv-1|DEL|hg38|gene-NA					
chr9	78660443	78660448	chr9	78707676	78707681	.	.	DEL	sample-820|sv-1|DEL|hg38|gene-NA					
chr10	18492332	18492337	chr10	18504281	18504286	.	.	DEL	sample-933|sv-1|DEL|hg38|gene-NA					
chr18	62729478	62729500	chr18	62730603	62730625	.	.	DEL	sample-1654|sv-1|DEL|hg38|gene-NA					
chr9	11979287	11979293	chr9	12031910	12031916	.	.	DEL	sample-325|sv-1|DEL|hg38|gene-NA					
chr2	65821535	65821537	chr2	69416942	69416944	.	.	DEL	sample-114|sv-1|DEL|hg38|gene-NA					
chr5	44094104	44094105	chr16	67498634	67498635	.	.	BND	sample-114|sv-2|BND|hg38|gene-NA					
chr22	42968422	42968425	chr22	42974305	42974308	.	.	DEL	sample-1255|sv-1|DEL|hg38|gene-NA					
chr12	87208119	87208120	chr12	87246212	87246213	.	.	DEL	sample-911|sv-1|DEL|hg38|gene-NA					
chr20	42614513	42614515	chr20	42846987	42846989	.	.	DEL	sample-1029|sv-1|DEL|hg38|gene-NA					
chr20	42614513	42614515	chr20	42846987	42846989	.	.	DEL	sample-1030|sv-1|DEL|hg38|gene-NA					
chr15	28443140	28443141	chr15	28886204	28886205	.	.	INV	sample-1028|sv-1|INV|hg38|gene-NA					
chr4	132902657	132902659	chr4	132907815	132907817	.	.	DEL	sample-791|sv-1|DEL|hg38|gene-NA					
chr6	162308957	162308960	chr6	162376955	162376958	.	.	DEL	sample-669|sv-1|DEL|hg38|gene-NA					
chr1	230328390	230328392	chr1	230357513	230357515	.	.	DEL	sample-374|sv-1|DEL|hg38|gene-NA					
chr12	87506096	87506097	chr12	90307415	90307416	.	.	DEL	sample-374|sv-2|DEL|hg38|gene-NA					
chr9	927594	927595	chr9	1030620	1030621	.	.	DEL	sample-834|sv-1|DEL|hg38|gene-NA					
chr17	76302871	76302875	chr17	76303008	76303009	.	.	DEL	sample-99|sv-1|DEL|hg38|gene-NA					
chr16	607394	607417	chr16	615853	615876	.	.	DEL	sample-1552|sv-1|DEL|hg38|gene-NA					
chr19	22472071	22472099	chr19	22472493	22472494	.	.	DEL	sample-483|sv-1|DEL|hg38|gene-NA					
chr7	13799116	13799121	chr7	13799292	13799293	.	.	DEL	sample-1161|sv-1|DEL|hg38|gene-NA					
chr2	193127483	193127484	chr2	193141692	193141693	.	.	DUP	sample-558|sv-1|DUP|hg38|gene-NA					
chr3	65255528	65255529	chr3	65255585	65255586	.	.	DEL	sample-426|sv-1|DEL|hg38|gene-NA					
chr16	26448298	26448301	chr16	26452865	26452868	.	.	DEL	sample-424|sv-1|DEL|hg38|gene-NA					
chr2	234275195	234275196	chr2	234275254	234275255	.	.	DEL	sample-1650|sv-1|DEL|hg38|gene-NA					
chr4	135375760	135375762	chr4	135376225	135376226	.	.	DEL	sample-1274|sv-1|DEL|hg38|gene-NA					
chr10	47378273	47378275	chr10	58111634	58111636	.	.	INV	sample-1280|sv-1|INV|hg38|gene-NA					
chr10	47378326	47378331	chr10	61962622	61962627	.	.	DUP	sample-1280|sv-1|DUP|hg38|gene-NA					
chr10	58111679	58111681	chr10	61962630	61962632	.	.	INV	sample-1280|sv-1|INV|hg38|gene-NA					
chr16	71607963	71607975	chr16	71610332	71610344	.	.	DEL	sample-921|sv-1|DEL|hg38|gene-NA					
chr1	963658	963661	chr1	2306642	2306645	.	.	DEL	sample-675|sv-1|DEL|hg38|gene-1p36_deletion					
chr11	55117220	55117234	chr11	55118423	55118437	.	.	DEL	sample-1635|sv-1|DEL|hg38|gene-NA					
chr3	136340110	136340111	chr3	136344752	136344753	.	.	DEL	sample-391|sv-1|DEL|hg38|gene-STAG1					
chr11	42260050	42260051	chr11	42268332	42268333	.	.	DUP	sample-120|sv-1|DUP|hg38|gene-NA					
chr12	21239870	21239871	chr12	21362475	21362476	.	.	INV	sample-583|sv-1|INV|hg38|gene-NA					
chr12	21315000	21315000	chr12	31313433	31313433	.	.	INV	sample-583|sv-1|INV|hg38|gene-NA					
chr12	64691917	64691924	chr12	64692834	64692841	.	.	INV	sample-138|sv-1|INV|hg38|gene-NA					
chr12	64692000	64692000	chr12	64695600	64695600	.	.	INV	sample-138|sv-1|INV|hg38|gene-NA					
chr1	20733499	20733521	chr1	20733553	20733554	.	.	DEL	sample-1267|sv-1|DEL|hg38|gene-NA					
chrX	101055845	101055847	chrX	101058472	101058474	.	.	DEL	sample-1100|sv-1|DEL|hg38|gene-NA					
chr19	38717267	38717268	chr19	38717402	38717403	.	.	DEL	sample-1279|sv-1|DEL|hg38|gene-NA					
chr13	112318735	112318764	chr13	112319143	112319144	.	.	DEL	sample-661|sv-1|DEL|hg38|gene-NA					
chr10	34873483	34873486	chr10	35253320	35253323	.	.	DUP	sample-153|sv-1|DUP|hg38|gene-NA					
chr2	44025213	44025214	chr2	44087492	44087493	.	.	DUP	sample-35|sv-1|DUP|hg38|gene-NA					
chr2	193745099	193745104	chr2	193751973	193751978	.	.	DEL	sample-1144|sv-1|DEL|hg38|gene-NA					
chr10	6038939	6038943	chr10	10428180	10428184	.	.	DEL	sample-1146|sv-1|DEL|hg38|gene-chr10p15.1-14_loss					
chr11	102686288	102686296	chr11	102686356	102686357	.	.	DEL	sample-1027|sv-1|DEL|hg38|gene-NA					
chr2	192685206	192685207	chr2	192712551	192712552	.	.	DEL	sample-1625|sv-1|DEL|hg38|gene-NA					
chr2	192751681	192751684	chr2	192756956	192756959	.	.	DEL	sample-1625|sv-2|DEL|hg38|gene-NA					
chr3	85402839	85402840	chr3	85576188	85576189	.	.	DEL	sample-51|sv-1|DEL|hg38|gene-NA					
chr11	57800290	57800308	chr11	57803130	57803148	.	.	DEL	sample-697|sv-1|DEL|hg38|gene-NA					
chr8	144351523	144351526	chr8	144528010	144528013	.	.	DUP	sample-289|sv-1|DUP|hg38|gene-NA					
chr5	113097917	113097921	chr5	113098793	113098794	.	.	DEL	sample-49|sv-1|DEL|hg38|gene-NA					
chr3	68613489	68613490	chr3	68615476	68615477	.	.	DEL	sample-789|sv-1|DEL|hg38|gene-NA					
chr3	68613489	68613495	chr3	68615690	68615696	.	.	DUP	sample-789|sv-1|DUP|hg38|gene-NA					
chr7	26155405	26155419	chr7	26223345	26223359	.	.	DUP	sample-553|sv-1|DUP|hg38|gene-NA					
chr3	96826997	96827000	chr3	96872202	96872205	.	.	DUP	sample-551|sv-1|DUP|hg38|gene-NA					
chr10	23611640	23611641	chr10	31385220	31385221	.	.	DEL	sample-436|sv-1|DEL|hg38|gene-chr10p12.2-p11.22_loss					
chr9	119618691	119618692	chr9	119620794	119620795	.	.	DEL	sample-1031|sv-1|DEL|hg38|gene-NA					
chr8	123295065	123295068	chr8	123295383	123295384	.	.	DEL	sample-1031|sv-2|DEL|hg38|gene-NA					
chr6	130667700	130667701	chr15	96143354	96143355	.	.	BND	sample-790|sv-1|BND|hg38|gene-NA					
chr9	31301432	31301436	chr12	83074433	83074434	.	.	BND	sample-1426|sv-1|BND|hg38|gene-NA					
chr16	19848333	19848336	chrX	148417112	148417113	.	.	BND	sample-446|sv-1|BND|hg38|gene-NA					
chr12	47990260	47990261	chr18	50068863	50068864	.	.	BND	sample-1629|sv-2|BND|hg38|gene-COL2A1					
chr16	4656336	4656340	chrX	51417143	51417144	.	.	BND	sample-853|sv-1|BND|hg38|gene-NA					
chr15	34138881	34138882	chr12	48335019	48335020	.	.	BND	sample-1663|sv-1|BND|hg38|gene-NA					
chr5	85497079	85497080	chr6	8755852	8755853	.	.	BND	sample-112|sv-1|BND|hg38|gene-NA					
chr1	11371808	11371828	chr9	130622484	130622485	.	.	BND	sample-701|sv-1|BND|hg38|gene-NA					
chr3	71440766	71440768	chr8	102215553	102215554	.	.	BND	sample-939|sv-1|BND|hg38|gene-NA					
chr7	147134688	147134691	chr9	88188332	88188333	.	.	BND	sample-1140|sv-1|BND|hg38|gene-NA					
chr13	114242919	114242925	chr19	250973	250974	.	.	BND	sample-1153|sv-1|BND|hg38|gene-NA					
chr7	44982985	44982986	chr15	36012395	36012396	.	.	BND	sample-213|sv-1|BND|hg38|gene-NA					
chr5	171931309	171931312	chr20	47201263	47201264	.	.	BND	sample-468|sv-1|BND|hg38|gene-NA					
chr19	58565817	58565822	chrX	154030671	154030672	.	.	BND	sample-1294|sv-1|BND|hg38|gene-MECP2					
chr3	194625974	194625975	chr5	127884212	127884213	.	.	BND	sample-946|sv-1|BND|hg38|gene-NA					
chr16	66577509	66577509	chr16	66584738	66584738	.	.	DEL	sample-407|sv-1|DEL|hg38|gene-NA					
chr2	110158232	110158232	chr2	110158329	110158329	.	.	DEL	sample-530|sv-1|DEL|hg38|gene-NA					
chr4	70694471	70694471	chr4	70695033	70695033	.	.	DEL	sample-1115|sv-1|DEL|hg38|gene-NA					
chr16	3729858	3729858	chr16	3733401	3733401	.	.	DEL	sample-1090|sv-1|DEL|hg38|gene-CREBBP					
chr7	105597595	105597595	chr7	105598979	105598979	.	.	DEL	sample-735|sv-1|DEL|hg38|gene-NA					
chr10	4942183	4942183	chr10	4944698	4944698	.	.	DEL	sample-733|sv-1|DEL|hg38|gene-NA					
chrX	48911241	48911241	chrX	48915516	48915516	.	.	DEL	sample-368|sv-1|DEL|hg38|gene-SLC35A2					
chr1	244854404	244854404	chr1	244865167	244865167	.	.	DEL	sample-1575|sv-1|DEL|hg38|gene-HNRNPU					
chr4	181650043	181650043	chr4	181650140	181650140	.	.	DEL	sample-873|sv-1|DEL|hg38|gene-NA					
chr13	101791071	101791071	chr13	104415746	104415746	.	.	INV	sample-536|sv-1|INV|hg38|gene-NA					
chr11	84895197	84895197	chr11	84969803	84969803	.	.	DEL	sample-366|sv-1|DEL|hg38|gene-NA					
chr11	84868860	84868860	chr11	84925032	84925032	.	.	DEL	sample-905|sv-1|DEL|hg38|gene-NA					
chr14	85316466	85316466	chr14	85329160	85329160	.	.	INV	sample-428|sv-1|INV|hg38|gene-NA					
chr14	85322636	85322636	chr14	85328871	85328871	.	.	INV	sample-428|sv-1|INV|hg38|gene-NA					
chr17	79793113	79793113	chr17	79793268	79793268	.	.	DEL	sample-662|sv-1|DEL|hg38|gene-NA					
chr11	119133371	119133372	chr17	10733358	10733359	.	.	BND	sample-126|sv-1|BND|hg38|gene-NA					
chr9	136479412	136479412	chr9	136481214	136481214	.	.	DEL	sample-1441|sv-1|DEL|hg38|gene-NA					
chr11	2844728	2844728	chr11	3479761	3479761	.	.	INV	sample-1441|sv-2|INV|hg38|gene-NA					
chr11	2859506	2859506	chr11	3193361	3193361	.	.	INV	sample-1441|sv-2|INV|hg38|gene-NA					
chr11	3147770	3147770	chr11	3542770	3542770	.	.	DUP	sample-1441|sv-2|DUP|hg38|gene-NA					
chr3	95250302	95250302	chr3	95252194	95252194	.	.	DEL	sample-511|sv-1|DEL|hg38|gene-NA					
chr10	2556323	2556323	chr10	2574396	2574396	.	.	INV	sample-1353|sv-1|INV|hg38|gene-NA					
chr10	2557568	2557568	chr10	2570858	2570858	.	.	INV	sample-1353|sv-1|INV|hg38|gene-NA					
chr3	185323545	185323545	chr3	185326767	185326767	.	.	DEL	sample-998|sv-1|DEL|hg38|gene-NA					
chr9	7962417	7962422	chr21	33054303	33054304	.	.	BND	sample-1261|sv-1|BND|hg38|gene-NA					
chrX	74520857	74520857	chrX	74521533	74521533	.	.	DEL	sample-1382|sv-1|DEL|hg38|gene-SLC16A2					
chr2	70234741	70234741	chr2	70239514	70239514	.	.	DEL	sample-1134|sv-1|DEL|hg38|gene-NA					
chr11	119058197	119058197	chr11	119061212	119061212	.	.	DEL	sample-1134|sv-2|DEL|hg38|gene-NA					
chr11	24289319	24289319	chr11	24289468	24289468	.	.	DEL	sample-1017|sv-1|DEL|hg38|gene-NA					
chr11	24289584	24289584	chr11	24297020	24297020	.	.	DEL	sample-1017|sv-1|DEL|hg38|gene-NA					
chr1	52256721	52256721	chr1	52258371	52258371	.	.	DEL	sample-1017|sv-2|DEL|hg38|gene-NA					
chr4	77071241	77071241	chr4	77071800	77071800	.	.	DEL	sample-1365|sv-1|DEL|hg38|gene-NA					
chr7	94940296	94940296	chr7	94940348	94940348	.	.	DEL	sample-543|sv-1|DEL|hg38|gene-NA					
chr17	82034805	82034805	chr17	82034890	82034890	.	.	DEL	sample-900|sv-1|DEL|hg38|gene-NA					
chr5	104668674	104668674	chr5	104668734	104668734	.	.	DEL	sample-780|sv-1|DEL|hg38|gene-NA					
chr12	27853935	27853935	chr12	27855278	27855278	.	.	DUP	sample-928|sv-1|DUP|hg38|gene-NA					
chr7	90660904	90660904	chr7	90785195	90785195	.	.	DEL	sample-888|sv-1|DEL|hg38|gene-NA					
chr8	131315887	131315887	chr8	131328840	131328840	.	.	DEL	sample-1229|sv-1|DEL|hg38|gene-NA					
chr8	139920541	139920541	chr8	139968975	139968975	.	.	DEL	sample-1229|sv-2|DEL|hg38|gene-NA					
chr17	705670	705670	chr17	706468	706468	.	.	DEL	sample-387|sv-1|DEL|hg38|gene-NA					
chr1	104572994	104572994	chr1	104576138	104576138	.	.	DEL	sample-388|sv-1|DEL|hg38|gene-NA					
chr3	41236869	41236869	chr3	41238424	41238424	.	.	DEL	sample-152|sv-1|DEL|hg38|gene-CTNNB1					
chr22	41558880	41558880	chr22	41559610	41559610	.	.	DEL	sample-1612|sv-1|DEL|hg38|gene-NA					
chr7	124521095	124521095	chr7	124566098	124566098	.	.	DUP	sample-1372|sv-2|DUP|hg38|gene-NA					
chrX	41599662	41599662	chrX	41678737	41678737	.	.	DEL	sample-137|sv-1|DEL|hg38|gene-CASK					
chr13	22545848	22545848	chr13	23312697	23312697	.	.	INV	sample-1210|sv-1|INV|hg38|gene-NA					
chr13	23312551	23312551	chr13	23609687	23609687	.	.	INV	sample-1210|sv-1|INV|hg38|gene-NA					
chr20	51844399	51844399	chr20	51845423	51845423	.	.	DEL	sample-1209|sv-1|DEL|hg38|gene-NA					
chr7	151941467	151941467	chr7	151941525	151941525	.	.	DEL	sample-237|sv-1|DEL|hg38|gene-NA					
chr6	15555549	15555549	chr6	15558295	15558295	.	.	DEL	sample-1278|sv-1|DEL|hg38|gene-NA					
chr2	36084575	36084575	chr2	36086057	36086057	.	.	DEL	sample-1050|sv-1|DEL|hg38|gene-NA					
chr22	41170874	41170874	chr22	42174841	42174841	.	.	INV	sample-1634|sv-1|INV|hg38|gene-TCF20_and_EP300					
chr8	127967791	127967791	chr8	127973887	127973887	.	.	DEL	sample-562|sv-1|DEL|hg38|gene-NA					
chr2	132960956	132960956	chr2	132965225	132965225	.	.	DEL	sample-1021|sv-1|DEL|hg38|gene-NA					
chr1	915066	915066	chr1	923096	923096	.	.	DEL	sample-959|sv-1|DEL|hg38|gene-NA					
chr9	136165820	136165820	chr9	136166208	136166208	.	.	DEL	sample-108|sv-1|DEL|hg38|gene-NA					
chr8	12841707	12841707	chr8	12880134	12880134	.	.	DEL	sample-110|sv-1|DEL|hg38|gene-NA					
chr2	194027192	194027192	chr2	194050355	194050355	.	.	INV	sample-1566|sv-1|INV|hg38|gene-NA					
chr2	194029620	194029620	chr2	194148517	194148517	.	.	DUP	sample-1566|sv-1|DUP|hg38|gene-NA					
chr3	15340570	15340570	chr3	15341039	15341039	.	.	DEL	sample-1199|sv-1|DEL|hg38|gene-NA					
chr2	186462808	186462808	chr2	186464158	186464158	.	.	DEL	sample-1085|sv-1|DEL|hg38|gene-NA					
chr2	233214011	233214011	chr2	233215552	233215552	.	.	DEL	sample-731|sv-1|DEL|hg38|gene-NA					
chr1	218518733	218518733	chr1	218524158	218524158	.	.	DEL	sample-851|sv-1|DEL|hg38|gene-NA					
chr2	232166980	232166980	chr2	232183978	232183978	.	.	DEL	sample-1694|sv-1|DEL|hg38|gene-NA					
chr2	232183959	232183959	chr2	232184885	232184885	.	.	DEL	sample-1694|sv-1|DEL|hg38|gene-NA					
chr6	43392264	43392264	chr6	43402044	43402044	.	.	DUP	sample-3|sv-1|DUP|hg38|gene-NA					
chr11	669087	669087	chr11	671209	671209	.	.	DEL	sample-598|sv-1|DEL|hg38|gene-NA					
chr4	146679574	146679574	chr4	146680909	146680909	.	.	DEL	sample-880|sv-1|DEL|hg38|gene-NA					
chr2	221333	221333	chr2	223930	223930	.	.	DEL	sample-631|sv-1|DEL|hg38|gene-NA					
chr13	93976966	93976966	chr13	93977088	93977088	.	.	DEL	sample-1149|sv-1|DEL|hg38|gene-NA					
chr21	44301441	44301441	chr21	44302873	44302873	.	.	DEL	sample-1149|sv-2|DEL|hg38|gene-NA					
chr6	79307430	79307430	chr6	79307918	79307918	.	.	DEL	sample-285|sv-1|DEL|hg38|gene-NA					
chr2	145468904	145468904	chr2	145468966	145468966	.	.	DEL	sample-664|sv-1|DEL|hg38|gene-NA					
chr2	100579434	100579434	chr2	100580323	100580323	.	.	DEL	sample-907|sv-1|DEL|hg38|gene-NA					
chr4	32344752	32344752	chr4	32344873	32344873	.	.	DEL	sample-907|sv-2|DEL|hg38|gene-NA					
chr12	23042340	23042340	chr12	23042643	23042643	.	.	DEL	sample-805|sv-1|DEL|hg38|gene-NA					
chr18	4619941	4619941	chr18	4620762	4620762	.	.	DEL	sample-452|sv-1|DEL|hg38|gene-NA					
chr3	123312595	123312595	chr3	123323320	123323320	.	.	DEL	sample-579|sv-1|DEL|hg38|gene-NA					
chr7	2418646	2418646	chr7	2439101	2439101	.	.	DEL	sample-693|sv-1|DEL|hg38|gene-NA					
chrX	142558648	142558648	chrX	142735202	142735202	.	.	INV	sample-259|sv-1|INV|hg38|gene-FMR1					
chrX	142562986	142562986	chrX	149290324	149290324	.	.	INV	sample-259|sv-1|INV|hg38|gene-FMR1					
chr15	47020528	47020528	chr15	47020600	47020600	.	.	DEL	sample-147|sv-1|DEL|hg38|gene-NA					
chr2	216331965	216331965	chr2	216332120	216332120	.	.	DEL	sample-1225|sv-1|DEL|hg38|gene-NA					
chr2	216332111	216332111	chr2	216336526	216336526	.	.	DEL	sample-1225|sv-1|DEL|hg38|gene-NA					
chr6	12036667	12036667	chr6	12420053	12420053	.	.	DUP	sample-166|sv-1|DUP|hg38|gene-NA					
chr2	53542029	53542029	chr2	55019089	55019089	.	.	DUP	sample-1384|sv-1|DUP|hg38|gene-NA					
chr2	201341794	201341794	chr2	201343471	201343471	.	.	DEL	sample-542|sv-1|DEL|hg38|gene-NA					
chr11	34096094	34096094	chr11	35455855	35455855	.	.	DEL	sample-777|sv-1|DEL|hg38|gene-NA					
chr8	143470431	143470431	chr8	143724078	143724078	.	.	DEL	sample-560|sv-1|DEL|hg38|gene-NA					
chr12	49684320	49684320	chr12	49706530	49706530	.	.	DEL	sample-913|sv-1|DEL|hg38|gene-NA					
chr3	161847829	161847829	chr3	161992574	161992574	.	.	DEL	sample-1032|sv-1|DEL|hg38|gene-NA					
chr2	235608815	235608815	chr2	235692838	235692838	.	.	DEL	sample-1604|sv-1|DEL|hg38|gene-NA					
chr9	2588997	2588997	chr9	2626807	2626807	.	.	DEL	sample-23|sv-1|DEL|hg38|gene-NA					
chr7	54396165	54396165	chr7	54397131	54397131	.	.	DEL	sample-1684|sv-1|DEL|hg38|gene-NA					
chr10	122229615	122229615	chr10	122229691	122229691	.	.	DEL	sample-984|sv-1|DEL|hg38|gene-NA					
chr2	123516454	123516454	chr2	123519112	123519112	.	.	DEL	sample-986|sv-1|DEL|hg38|gene-NA					
chr19	36149869	36149869	chr19	36167979	36167979	.	.	INV	sample-228|sv-1|INV|hg38|gene-NA					
chr19	36149873	36149873	chr19	36149948	36149948	.	.	INV	sample-228|sv-1|INV|hg38|gene-NA					
chr19	36149298	36149298	chr19	36149898	36149898	.	.	DEL	sample-228|sv-1|DEL|hg38|gene-NA					
chr19	31232999	31232999	chr19	31235396	31235396	.	.	DEL	sample-649|sv-1|DEL|hg38|gene-NA					
chr12	38069351	38069351	chr12	38069486	38069486	.	.	DEL	sample-68|sv-1|DEL|hg38|gene-NA					
chr21	15483309	15483309	chr21	15483379	15483379	.	.	DEL	sample-535|sv-1|DEL|hg38|gene-NA					
chr2	226455172	226455172	chr2	226460774	226460774	.	.	DEL	sample-1404|sv-1|DEL|hg38|gene-NA					
chr17	82338814	82338814	chr17	82338867	82338867	.	.	DEL	sample-1143|sv-1|DEL|hg38|gene-NA					
chr3	108131316	108131316	chr3	108138947	108138947	.	.	DEL	sample-1023|sv-1|DEL|hg38|gene-NA					
chr6	169830762	169830767	chr12	53332931	53332932	.	.	BND	sample-1012|sv-1|BND|hg38|gene-NA					
chr8	87061664	87061664	chr8	87063133	87063133	.	.	DEL	sample-156|sv-1|DEL|hg38|gene-NA					
chr10	11085914	11085914	chr10	11086089	11086089	.	.	DEL	sample-11|sv-1|DEL|hg38|gene-NA					
chr10	12267075	12267075	chr10	12268569	12268569	.	.	DEL	sample-1281|sv-1|DEL|hg38|gene-NA					
chr21	38161470	38161470	chr21	38165833	38165833	.	.	DEL	sample-1040|sv-1|DEL|hg38|gene-NA					
chr21	38166519	38166519	chr21	38170160	38170160	.	.	DEL	sample-1040|sv-1|DEL|hg38|gene-NA					
chr1	218253228	218253228	chr1	218258096	218258096	.	.	DEL	sample-682|sv-1|DEL|hg38|gene-NA					
chr1	243190828	243190828	chr1	243200157	243200157	.	.	DUP	sample-189|sv-1|DUP|hg38|gene-NA					
chr6	147670785	147670785	chr6	147671791	147671791	.	.	DEL	sample-180|sv-1|DEL|hg38|gene-NA					
chr19	52799057	52799057	chr19	52800663	52800663	.	.	DEL	sample-1265|sv-1|DEL|hg38|gene-NA					
chr16	812707	812707	chr16	1595539	1595539	.	.	DEL	sample-409|sv-1|DEL|hg38|gene-NA					
chrX	40988864	40988864	chrX	41028583	41028583	.	.	DUP	sample-77|sv-1|DUP|hg38|gene-NA					
chr13	109982547	109982547	chr13	109983856	109983856	.	.	DEL	sample-1528|sv-2|DEL|hg38|gene-NA					
chr12	48462224	48462224	chr12	48463680	48463680	.	.	DEL	sample-191|sv-1|DEL|hg38|gene-NA					
chr19	57869015	57869015	chr19	57869962	57869962	.	.	DEL	sample-1402|sv-1|DEL|hg38|gene-NA					
chr2	28534726	28534726	chr2	28535804	28535804	.	.	DEL	sample-1622|sv-1|DEL|hg38|gene-NA					
chr17	45898274	45898274	chr17	45905482	45905482	.	.	DEL	sample-1622|sv-2|DEL|hg38|gene-NA					
chr1	187268100	187268100	chr1	187268824	187268824	.	.	DEL	sample-903|sv-1|DEL|hg38|gene-NA					
chr7	68228110	68228110	chr7	68228307	68228307	.	.	DEL	sample-729|sv-1|DEL|hg38|gene-NA					
chr17	2062791	2062791	chr17	2063662	2063662	.	.	DEL	sample-395|sv-1|DEL|hg38|gene-NA					
chr1	79223358	79223358	chr1	79223679	79223679	.	.	DEL	sample-1172|sv-1|DEL|hg38|gene-NA					
chr7	3477968	3477968	chr7	3513387	3513387	.	.	DEL	sample-708|sv-1|DEL|hg38|gene-NA					
chr8	43459965	43459965	chr8	43461069	43461069	.	.	DEL	sample-751|sv-1|DEL|hg38|gene-NA					
chr7	69338114	69338114	chr7	69340181	69340181	.	.	DEL	sample-413|sv-1|DEL|hg38|gene-NA					
chr7	122306010	122306010	chr7	122306084	122306084	.	.	DEL	sample-141|sv-1|DEL|hg38|gene-NA					
chr9	92880962	92880962	chr9	92884121	92884121	.	.	DEL	sample-1024|sv-1|DEL|hg38|gene-NA					
chr14	97058268	97058268	chr14	97065155	97065155	.	.	DEL	sample-1602|sv-1|DEL|hg38|gene-NA					
chr14	28845481	28845481	chr14	51829118	51829118	.	.	INV	sample-565|sv-1|INV|hg38|gene-NA					
chr5	109707940	109707940	chr5	109713123	109713123	.	.	DEL	sample-1467|sv-1|DEL|hg38|gene-NA					
chr13	63270284	63270284	chr13	63271153	63271153	.	.	DEL	sample-893|sv-1|DEL|hg38|gene-NA					
chr16	6944875	6944875	chr16	7795759	7795759	.	.	DEL	sample-893|sv-2|DEL|hg38|gene-NA					
chr4	156945534	156945534	chr4	156954213	156954213	.	.	DUP	sample-1014|sv-1|DUP|hg38|gene-NA					
chr17	7996016	7996016	chr17	8012229	8012229	.	.	DUP	sample-761|sv-1|DUP|hg38|gene-NA					
chr7	70570632	70570632	chr7	70576034	70576034	.	.	DEL	sample-1580|sv-1|DEL|hg38|gene-NA					
chr19	14140339	14140339	chr19	14141574	14141574	.	.	DEL	sample-24|sv-1|DEL|hg38|gene-NA					
chr19	12053933	12053933	chr19	12058759	12058759	.	.	DEL	sample-496|sv-1|DEL|hg38|gene-NA					
chr4	126266765	126266765	chr4	126267887	126267887	.	.	DEL	sample-727|sv-1|DEL|hg38|gene-NA					
chr8	115239390	115239390	chr8	115239653	115239653	.	.	DEL	sample-961|sv-1|DEL|hg38|gene-NA					
chrX	44103591	44103591	chrX	44118150	44118150	.	.	DUP	sample-1109|sv-1|DUP|hg38|gene-NA					
chrX	44118122	44118122	chrX	44118240	44118240	.	.	DEL	sample-1109|sv-1|DEL|hg38|gene-NA					
chr17	29383501	29383501	chr17	29431412	29431412	.	.	DEL	sample-990|sv-1|DEL|hg38|gene-NA					
chr1	160135115	160135115	chr1	160136796	160136796	.	.	DEL	sample-980|sv-1|DEL|hg38|gene-NA					
chr20	19260785	19260785	chr20	22234511	22234511	.	.	DEL	sample-1101|sv-1|DEL|hg38|gene-NA					
chr9	131262795	131262796	chr11	70658453	70658454	.	.	BND	sample-1427|sv-1|BND|hg38|gene-NA					
chr11	301963	301963	chr11	303382	303382	.	.	DEL	sample-351|sv-1|DEL|hg38|gene-NA					
chr20	2909539	2909539	chr20	2910168	2910168	.	.	DEL	sample-703|sv-1|DEL|hg38|gene-NA					
chr16	2441603	2441603	chr16	2466630	2466630	.	.	INV	sample-891|sv-2|INV|hg38|gene-NA					
chr15	75922943	75922943	chr15	75927956	75927956	.	.	DEL	sample-1658|sv-1|DEL|hg38|gene-NA					
chr21	37505667	37505667	chr21	37509673	37509673	.	.	DEL	sample-705|sv-1|DEL|hg38|gene-DYRK1A					
chr13	101400976	101400976	chr13	101410565	101410565	.	.	DEL	sample-1295|sv-1|DEL|hg38|gene-NA					
chr20	50360447	50360447	chr20	50365785	50365785	.	.	DEL	sample-1296|sv-1|DEL|hg38|gene-NA					
chr12	19712268	19712268	chr12	19712465	19712465	.	.	DEL	sample-1311|sv-1|DEL|hg38|gene-NA					
chr11	118419218	118419218	chr11	118437995	118437995	.	.	INV	sample-962|sv-1|INV|hg38|gene-KMT2A					
chr11	118421898	118421898	chr11	118438006	118438006	.	.	INV	sample-962|sv-1|INV|hg38|gene-KMT2A					
chr7	105104257	105104257	chr7	105105933	105105933	.	.	DEL	sample-103|sv-1|DEL|hg38|gene-KMT2E					
chr7	105106138	105106138	chr7	105106393	105106393	.	.	INV	sample-103|sv-1|INV|hg38|gene-KMT2E					
chr7	105106224	105106224	chr7	105110205	105110205	.	.	INV	sample-103|sv-1|INV|hg38|gene-KMT2E					
chr12	49348636	49348636	chr12	49356026	49356026	.	.	DEL	sample-1507|sv-1|DEL|hg38|gene-NA					
chr15	67195097	67195097	chr15	67414292	67414292	.	.	DEL	sample-1098|sv-1|DEL|hg38|gene-NA					
chr1	201770924	201770924	chr1	201778253	201778253	.	.	DEL	sample-609|sv-1|DEL|hg38|gene-NA					
chr8	102296416	102296416	chr8	102296494	102296494	.	.	DEL	sample-544|sv-1|DEL|hg38|gene-NA					
chr5	96788796	96788796	chr5	96797596	96797596	.	.	DEL	sample-507|sv-1|DEL|hg38|gene-NA					
chr22	19747446	19747446	chr22	19756554	19756554	.	.	DEL	sample-617|sv-1|DEL|hg38|gene-NA					
chr3	42222975	42222975	chr3	45217314	45217314	.	.	DEL	sample-1000|sv-1|DEL|hg38|gene-NA					
chr18	79213878	79213883	chr21	27647575	27647576	.	.	BND	sample-393|sv-1|BND|hg38|gene-NA					
chr18	79213882	79213885	chr21	27647574	27647575	.	.	BND	sample-393|sv-1|BND|hg38|gene-NA					
chr18	79217884	79217889	chr21	27644659	27644660	.	.	BND	sample-393|sv-1|BND|hg38|gene-NA					
chr18	79217884	79217889	chr21	27644659	27644660	.	.	BND	sample-393|sv-1|BND|hg38|gene-NA					
chr21	27644659	27644664	chr18	79217884	79217885	.	.	BND	sample-393|sv-1|BND|hg38|gene-NA					
chr21	27644659	27644664	chr18	79217884	79217885	.	.	BND	sample-393|sv-1|BND|hg38|gene-NA					
chr21	27647574	27647577	chr18	79213882	79213883	.	.	BND	sample-393|sv-1|BND|hg38|gene-NA					
chr21	27647575	27647580	chr18	79213878	79213879	.	.	BND	sample-393|sv-1|BND|hg38|gene-NA					
chr2	3755794	3755794	chr2	3755857	3755857	.	.	DEL	sample-1350|sv-1|DEL|hg38|gene-NA					
chr10	102033726	102033726	chr10	102038801	102038801	.	.	DEL	sample-1112|sv-1|DEL|hg38|gene-NA					
chr17	74450441	74450441	chr17	74453936	74453936	.	.	INV	sample-392|sv-1|INV|hg38|gene-NA					
chr17	74453570	74453570	chr17	74456798	74456798	.	.	INV	sample-392|sv-1|INV|hg38|gene-NA					
chr7	127399331	127399331	chr7	127401499	127401499	.	.	DEL	sample-638|sv-1|DEL|hg38|gene-NA					
chr2	173192909	173192910	chr9	25732412	25732413	.	.	BND	sample-1105|sv-1|BND|hg38|gene-NA					
chr2	173192910	173192913	chr6	16385678	16385679	.	.	BND	sample-1105|sv-1|BND|hg38|gene-NA					
chr2	174533617	174533619	chr9	29500872	29500873	.	.	BND	sample-1105|sv-1|BND|hg38|gene-NA					
chr2	174533624	174533627	chr6	10351351	10351352	.	.	BND	sample-1105|sv-1|BND|hg38|gene-NA					
chr2	217489465	217489466	chr6	16029204	16029205	.	.	BND	sample-1105|sv-1|BND|hg38|gene-NA					
chr2	217489466	217489466	chr2	217754347	217754347	.	.	INV	sample-1105|sv-1|INV|hg38|gene-NA					
chr2	217754348	217754349	chr6	10351354	10351355	.	.	BND	sample-1105|sv-1|BND|hg38|gene-NA					
chr6	10351349	10351352	chr2	174533626	174533627	.	.	BND	sample-1105|sv-1|BND|hg38|gene-NA					
chr6	10351354	10351355	chr2	217754348	217754349	.	.	BND	sample-1105|sv-1|BND|hg38|gene-NA					
chr6	10421400	10421403	chr9	30386269	30386270	.	.	BND	sample-1105|sv-1|BND|hg38|gene-NA					
chr6	10421402	10421403	chr9	30386287	30386288	.	.	BND	sample-1105|sv-1|BND|hg38|gene-NA					
chr6	10959985	10959985	chr6	16029204	16029204	.	.	INV	sample-1105|sv-1|INV|hg38|gene-NA					
chr6	10959986	10959988	chr9	31229131	31229132	.	.	BND	sample-1105|sv-1|BND|hg38|gene-NA					
chr6	14367283	14367283	chr6	15785157	15785157	.	.	INV	sample-1105|sv-1|INV|hg38|gene-NA					
chr6	15745722	15745723	chr9	29500879	29500880	.	.	BND	sample-1105|sv-1|BND|hg38|gene-NA					
chr6	15745730	15745733	chr9	29864229	29864230	.	.	BND	sample-1105|sv-1|BND|hg38|gene-NA					
chr6	15748212	15748213	chr9	19420039	19420040	.	.	BND	sample-1105|sv-1|BND|hg38|gene-NA					
chr6	16029204	16029205	chr2	217489465	217489466	.	.	BND	sample-1105|sv-1|BND|hg38|gene-NA					
chr6	16385668	16385670	chr9	29869891	29869892	.	.	BND	sample-1105|sv-1|BND|hg38|gene-NA					
chr6	16385676	16385679	chr2	173192912	173192913	.	.	BND	sample-1105|sv-1|BND|hg38|gene-NA					
chr6	5685155	5685155	chr6	5685336	5685336	.	.	DEL	sample-1105|sv-1|DEL|hg38|gene-NA					
chr9	19420039	19420040	chr6	15748212	15748213	.	.	BND	sample-1105|sv-1|BND|hg38|gene-NA					
chr9	21793290	21793290	chr9	30497117	30497117	.	.	INV	sample-1105|sv-1|INV|hg38|gene-NA					
chr9	25732412	25732413	chr2	173192909	173192910	.	.	BND	sample-1105|sv-1|BND|hg38|gene-NA					
chr9	25732420	25732420	chr9	29869907	29869907	.	.	INV	sample-1105|sv-1|INV|hg38|gene-NA					
chr9	29500872	29500874	chr2	174533617	174533618	.	.	BND	sample-1105|sv-1|BND|hg38|gene-NA					
chr9	29500879	29500880	chr6	15745722	15745723	.	.	BND	sample-1105|sv-1|BND|hg38|gene-NA					
chr9	29864227	29864230	chr6	15745732	15745733	.	.	BND	sample-1105|sv-1|BND|hg38|gene-NA					
chr9	29869890	29869892	chr6	16385669	16385670	.	.	BND	sample-1105|sv-1|BND|hg38|gene-NA					
chr9	30386269	30386272	chr6	10421400	10421401	.	.	BND	sample-1105|sv-1|BND|hg38|gene-NA					
chr9	30386287	30386288	chr6	10421402	10421403	.	.	BND	sample-1105|sv-1|BND|hg38|gene-NA					
chr9	30497138	30497138	chr9	31229132	31229132	.	.	INV	sample-1105|sv-1|INV|hg38|gene-NA					
chr9	31229131	31229133	chr6	10959986	10959987	.	.	BND	sample-1105|sv-1|BND|hg38|gene-NA					
chr7	62645101	62645101	chr7	62645961	62645961	.	.	DEL	sample-1584|sv-1|DEL|hg38|gene-NA					
chr11	88684815	88684815	chr11	88686777	88686777	.	.	DEL	sample-1099|sv-1|DEL|hg38|gene-NA					
chr1	27550671	27550671	chr1	27559489	27559489	.	.	DEL	sample-365|sv-1|DEL|hg38|gene-AHDC1					
chr2	183042289	183042289	chr2	183042346	183042346	.	.	DEL	sample-1585|sv-1|DEL|hg38|gene-NA					
chr10	54731110	54731110	chr10	54733820	54733820	.	.	DEL	sample-135|sv-1|DEL|hg38|gene-NA					
chr11	46521974	46521974	chr11	46523262	46523262	.	.	DEL	sample-1615|sv-1|DEL|hg38|gene-NA					
chr1	224599461	224599461	chr1	224977697	224977697	.	.	INV	sample-1464|sv-1|INV|hg38|gene-NA					
chr11	94130887	94130887	chr11	94130972	94130972	.	.	DEL	sample-614|sv-1|DEL|hg38|gene-NA					
chr11	13001849	13001849	chr11	13006941	13006941	.	.	DEL	sample-1313|sv-1|DEL|hg38|gene-NA					
chr8	132092670	132092670	chr8	132092771	132092771	.	.	DEL	sample-330|sv-1|DEL|hg38|gene-NA					
chrX	1854688	1854688	chrX	1861902	1861902	.	.	DEL	sample-1184|sv-1|DEL|hg38|gene-NA					
chr14	27277529	27277529	chr14	28756787	28756787	.	.	INV	sample-486|sv-1|INV|hg38|gene-NA					
chr14	27277531	27277531	chr14	27287701	27287701	.	.	INV	sample-486|sv-1|INV|hg38|gene-NA					
chr14	27287701	27287701	chr14	28756788	28756788	.	.	DEL	sample-486|sv-1|DEL|hg38|gene-NA					
chr9	132430735	132430735	chr9	132432199	132432199	.	.	DEL	sample-484|sv-1|DEL|hg38|gene-NA					
chr5	124816259	124816259	chr5	124816317	124816317	.	.	DEL	sample-107|sv-1|DEL|hg38|gene-NA					
chr5	164802892	164802892	chr5	164803428	164803428	.	.	DEL	sample-1259|sv-1|DEL|hg38|gene-NA					
chr3	103862166	103862166	chr3	103866382	103866382	.	.	DEL	sample-752|sv-1|DEL|hg38|gene-NA					
chr3	103866379	103866379	chr3	103871913	103871913	.	.	DEL	sample-752|sv-1|DEL|hg38|gene-NA					
chr4	122207674	122207674	chr4	122216290	122216290	.	.	DEL	sample-408|sv-1|DEL|hg38|gene-NA					
chr5	37289007	37289007	chr5	37289082	37289082	.	.	DEL	sample-435|sv-1|DEL|hg38|gene-NA					
chr14	58182897	58182897	chr14	58187043	58187043	.	.	DEL	sample-909|sv-1|DEL|hg38|gene-NA					
chr12	125970355	125970355	chr12	125971540	125971540	.	.	DEL	sample-527|sv-1|DEL|hg38|gene-NA					
chr5	129034909	129034909	chr5	129037771	129037771	.	.	DEL	sample-420|sv-1|DEL|hg38|gene-NA					
chr4	117261490	117261490	chr4	117261551	117261551	.	.	DEL	sample-403|sv-1|DEL|hg38|gene-NA					
chr3	181354496	181354496	chr3	181354567	181354567	.	.	DEL	sample-403|sv-2|DEL|hg38|gene-NA					
chr20	60356809	60356809	chr20	60356993	60356993	.	.	DEL	sample-403|sv-3|DEL|hg38|gene-NA					
chr11	58797897	58797897	chr11	58797991	58797991	.	.	DEL	sample-1346|sv-1|DEL|hg38|gene-NA					
chr13	36672280	36672280	chr13	36672840	36672840	.	.	DEL	sample-1007|sv-1|DEL|hg38|gene-NA					
chr7	155870059	155870059	chr7	155870113	155870113	.	.	DEL	sample-401|sv-1|DEL|hg38|gene-NA					
chr11	29065717	29065717	chr11	29066318	29066318	.	.	DEL	sample-396|sv-1|DEL|hg38|gene-NA					
chr12	129250195	129250195	chr12	129255142	129255142	.	.	DEL	sample-894|sv-1|DEL|hg38|gene-NA					
chr16	89487503	89487503	chr16	89493184	89493184	.	.	DEL	sample-894|sv-2|DEL|hg38|gene-ANKRD11					
chr7	115403573	115403573	chr7	115563118	115563118	.	.	DUP	sample-1113|sv-1|DUP|hg38|gene-NA					
chr3	44012163	44012164	chr5	173603292	173603293	.	.	BND	sample-419|sv-1|BND|hg38|gene-NA					
chr2	125014365	125014366	chr3	169855752	169855753	.	.	BND	sample-931|sv-1|BND|hg38|gene-NA					